title;year;rate;country;category;director
Аладдин;2019;7.3;США, Великобритания, Австралия;мюзикл, фэнтези, мелодрама, комедия, приключения, семейный;Гай Ричи
Ласточки Христовы;2021;7.2;Россия;документальный;Юлия Бочарова
Титан;2020;5.9;Франция, Бельгия;фантастика, драма, триллер, криминал;Жюлия Дюкурно
Бэтмен;2022;7.9;США;боевик, драма, криминал, детектив;Мэтт Ривз
Далласский клуб покупателей;2013;7.9;США;драма, биография;Жан-Марк Валле
Круэлла;2021;7.5;США;комедия, криминал, драма;Крэйг Гиллеспи
История рыцаря;2001;7.8;США;боевик, мелодрама, комедия;Брайан Хелгеленд
Мания;2021;6.3;США;спорт, драма;Лорен Хэдэуэй
Пара из будущего;2021;6.7;Россия;комедия, фантастика, мелодрама;Алексей Нужный
Меланхолия;2011;7.0;Дания, Швеция, Франция, Германия;фантастика, драма;Ларс фон Триер
Своя война;2021;7.2;Россия;драма, триллер, военный;Алексей Чадов
Повелитель бури;2008;7.3;США;триллер, драма, военный;Кэтрин Бигелоу
Мама, я дома;2021;6.9;Россия;драма;Владимир Битоков
Время первых;2017;7.5;Россия;приключения, триллер, биография, история;Дмитрий Киселёв
Летчик;2021;7.4;Россия;военный, биография, драма, история;Ренат Давлетьяров
Гладиатор;2000;8.6;США, Великобритания, Мальта, Марокко;история, боевик, драма, приключения;Ридли Скотт
Аватар 2;2022;7.2;США;фантастика, боевик, триллер, приключения;Джеймс Кэмерон
Первый встречный;2022;6.5;США;мелодрама, комедия, музыка;Кэт Койро
Утомленные солнцем 2: Предстояние;2010;3.8;Россия;драма, военный;Никита Михалков
Бункер;2011;7.2;Колумбия, Испания;триллер, драма, детектив;Андрес Байс
Гран Торино;2008;8.1;США, Германия;драма;Клинт Иствуд
Типа крутые легавые;2007;7.6;Великобритания, Франция;боевик, триллер, комедия, детектив;Эдгар Райт
Гарри Поттер и Дары Смерти: Часть II;2011;8.1;Великобритания, США;фэнтези, детектив, приключения;Дэвид Йейтс
Пассажиры;2016;7.2;США, Австралия;фантастика, триллер, драма, мелодрама;Мортен Тильдум
Сноуден;2016;6.9;Великобритания, Франция, Германия, США;триллер, драма, криминал, биография;Оливер Стоун
Уроки фарси;2020;7.8;Россия, Германия, Беларусь;драма, военный;Вадим Перельман
Иди и смотри;1985;8.1;СССР;драма, военный, история;Элем Климов
Дитя погоды;2019;7.9;Япония;аниме, мультфильм, мелодрама, фэнтези;Макото Синкай
Дилер;1996;7.0;Дания;триллер, криминал;Николас Виндинг Рефн
Бешеные псы;1991;8.1;США;криминал, драма, триллер;Квентин Тарантино
Стражи Галактики;2014;7.8;США;фантастика, боевик, приключения, комедия;Джеймс Ганн
Трансформеры;2007;7.6;США;фантастика, боевик;Майкл Бэй
Ученик чудовища;2015;8.1;Япония;аниме, мультфильм, фэнтези, приключения;Мамору Хосода
День сурка;1993;8.1;США;фэнтези, драма, мелодрама, комедия;Харольд Рэмис
Гарри Поттер и Принц-полукровка;2009;7.8;Великобритания;фэнтези, приключения, семейный;Дэвид Йейтс
Тебе стоило уйти;2020;5.5;США, Великобритания;триллер, ужасы;Дэвид Кепп
Эффект бабочки;2003;8.2;США, Канада;фантастика, триллер, драма;Эрик Бресс, Дж. Макки Грубер
Гаттака;1997;8.0;США;фантастика, драма, мелодрама, детектив;Эндрю Никкол
Форсаж;2001;7.7;США, Германия;боевик, триллер, криминал;Роб Коэн
Аннетт;2020;7.1;Франция, Бельгия, Германия, США, Япония, Мексика, Швейцария;мюзикл, драма, мелодрама;Леос Каракс
Мой сосед Тоторо;1988;8.2;Япония;аниме, мультфильм, фэнтези, приключения, семейный;Хаяо Миядзаки
Главный герой;2021;7.4;США;фантастика, боевик, комедия, мелодрама;Шон Леви
Самый пьяный округ в мире;2012;7.5;США;драма, криминал, биография;Джон Хиллкоут
Бегущий в лабиринте;2014;6.8;США, Великобритания;фантастика, триллер, приключения;Уэс Болл
Плохие парни;2022;7.6;США;мультфильм, комедия, криминал, приключения, семейный;Пьер Перифел
Неогранённые алмазы;2019;7.1;США;триллер, драма, криминал;Бенни Сэфди, Джош Сэфди
Сядь за руль моей машины;2021;7.4;Япония;драма;Рюсукэ Хамагути
Женщина в окне;2021;5.9;США;триллер, криминал, детектив;Джо Райт
Ральф против интернета;2018;7.2;США;мультфильм, комедия, приключения, семейный, фантастика;Фил Джонстон, Рич Мур
Я — легенда;2007;7.9;США;фантастика, боевик, триллер, драма, приключения;Френсис Лоуренс
Капитан Волконогов бежал;2021;7.7;Россия, Эстония, Франция;триллер, драма;Наташа Меркулова, Алексей Чупов
Одиннадцать друзей Оушена;2001;8.1;США;криминал, триллер;Стивен Содерберг
Парк Юрского периода;1993;7.8;США;приключения, фантастика, семейный;Стивен Спилберг
Босс-молокосос 2;2021;7.3;США;мультфильм, комедия, приключения, семейный;Том МакГрат
Зеркало;1974;8.0;СССР;драма, биография;Андрей Тарковский
Не грози южному централу, попивая сок у себя в квартале;1995;7.2;США;комедия, криминал;Пэрис Барклай
Шпион;2015;7.1;США, Великобритания, Франция, Венгрия, Германия;боевик, комедия;Пол Фиг
Душа;2020;8.4;США;мультфильм, фэнтези, комедия, приключения, семейный, музыка;Пит Доктер, Кемп Пауэрс
Перелом;2007;7.7;США, Германия;триллер, драма, криминал;Грегори Хоблит
Любой ценой;2016;7.2;США;боевик, криминал, триллер, драма;Дэвид Маккензи
Уйти красиво;2016;6.7;США;комедия, криминал;Зак Брафф
Серебряные коньки;2020;7.3;Россия;мелодрама, приключения, драма;Михаил Локшин
1984;1984;6.9;Великобритания;фантастика, драма;Майкл Рэдфорд
Волк с Уолл-стрит;2013;7.9;США;драма, криминал, биография, комедия;Мартин Скорсезе
1408;2007;7.7;США;ужасы, триллер;Микаэль Хофстрём
Аннигиляция;2017;6.7;Великобритания;ужасы, фантастика, триллер, драма;Алекс Гарленд
Непослушник;2022;6.3;Россия;комедия;Владимир Котт
Костяной томагавк;2015;6.8;США, Великобритания;ужасы, драма, вестерн;С. Крэйг Залер
28 дней спустя;2002;7.5;Великобритания;ужасы, фантастика, триллер, драма;Дэнни Бойл
После;2019;5.9;США;мелодрама;Дженни Гейдж
Чёрный Адам;2022;7.2;США;фантастика, фэнтези, боевик;Жауме Кольет-Серра
Зеркала;2008;7.1;США, Румыния, Германия, Франция;ужасы, триллер, детектив;Александр Ажа
Паразиты;2019;8.0;Корея Южная;драма, триллер, комедия;Пон Джун-хо
Наёмник;2022;6.0;США;боевик, триллер;Тарик Салех
Власть;2018;7.1;США;драма, комедия, биография;Адам МакКей
Чёрный ястреб;2001;7.8;США, Великобритания;военный, боевик, история, драма;Ридли Скотт
Троя;2004;8.0;США, Мальта, Великобритания;боевик, история, драма, мелодрама;Вольфганг Петерсен
Смерть на Ниле;2020;6.5;США, Великобритания;детектив, криминал, драма;Кеннет Брана
Мстители: Эра Альтрона;2015;7.2;США;фантастика, боевик, приключения;Джосс Уидон
Первый мститель: Противостояние;2016;7.4;США;фантастика, боевик, приключения;Энтони Руссо, Джо Руссо
Снайпер;2014;7.0;США;боевик, драма, военный, биография;Клинт Иствуд
Магнолия;1999;7.4;США;драма;Пол Томас Андерсон
Реинкарнация;2018;6.5;США;ужасы, драма, детектив;Ари Астер
Господин Никто;2009;7.9;Бельгия, Германия, Канада, Франция, Великобритания, Люксембург, США;фантастика, мелодрама, фэнтези, драма;Жако ван Дормель
Королевская игра;2021;6.9;Германия, Австрия;драма, триллер;Филипп Штёльцль
Всегда говори «ДА»;2008;7.8;США, Великобритания;комедия;Пейтон Рид
12 разгневанных мужчин;1956;8.5;США;драма, детектив, криминал;Сидни Люмет
Этерна: Часть первая;2022;6.2;Россия;фэнтези, драма, мелодрама, приключения;Евгений Невский
Гарри Поттер и Орден Феникса;2007;7.8;Великобритания, США;фэнтези, приключения, семейный;Дэвид Йейтс
Убийца;2015;7.2;США, Мексика, Гонконг;боевик, триллер, драма, криминал, детектив;Дени Вильнёв
Бессмертная гвардия;2020;6.3;США;фэнтези, боевик;Джина Принс-Байтвуд
Облачный атлас;2012;7.7;США, Германия, Гонконг, Сингапур;фантастика, драма, боевик, детектив, приключения;Лана Вачовски, Том Тыквер, Лилли Вачовски
Бесконечность;2021;6.3;США;фантастика, боевик;Антуан Фукуа
Молчание ягнят;1990;8.3;США;триллер, детектив, криминал, драма, ужасы;Джонатан Демме
Разжимая кулаки;2020;6.9;Россия;драма;Кира Коваленко
Дом странных детей Мисс Перегрин;2016;6.9;США, Великобритания, Бельгия, Канада;фэнтези, триллер, драма, приключения, семейный;Тим Бёртон
Андрей Рублев;1966;8.2;СССР;драма, биография, история;Андрей Тарковский
Охота;2012;7.9;Дания, Швеция;драма;Томас Винтерберг
Затерянный город;2022;6.1;США;комедия, приключения, мелодрама, боевик;Аарон Ни, Адам Ни
Донбасс. Окраина;2018;7.1;Россия;драма, военный, триллер;Ренат Давлетьяров
Таинственный лес;2004;7.1;США;триллер, мелодрама;М. Найт Шьямалан
Тор 2: Царство тьмы;2013;7.3;США;фэнтези, боевик, приключения;Алан Тейлор
Общество мертвых поэтов;1989;8.2;США;драма, комедия;Питер Уир
Грань будущего;2014;7.9;США, Канада;фантастика, боевик, приключения;Даг Лайман
Пузырь;2022;5.4;США;комедия;Джадд Апатоу
Артек. Большое путешествие;2021;7.2;Россия;комедия, семейный;Карен Захаров, Армен Ананикян
Жизнь задом наперед (ТВ;2007;7.8;Великобритания;драма, биография;Дэвид Эттвуд
Ирландец;2019;7.4;США;криминал, драма, биография;Мартин Скорсезе
Форсаж: Хоббс и Шоу;2019;6.3;США, Япония;боевик, триллер, приключения;Дэвид Литч
Доктор Сон;2019;7.3;США;триллер, драма, фэнтези, ужасы;Майк Флэнеган
Невидимая сторона;2009;8.2;США;драма, спорт, биография;Джон Ли Хэнкок
Курьер;1986;8.0;СССР;драма, мелодрама, комедия;Карен Шахназаров
Воин;2011;8.0;США;драма, спорт;Гэвин О’Коннор
От кутюр;2021;6.5;Франция;комедия, драма;Сильви Оайон
Догвилль;2003;7.9;Дания, Нидерланды, Швеция, Германия, Великобритания, Франция, Финляндия, Норвегия, Италия;триллер, драма, детектив;Ларс фон Триер
Семейный бюджет;2021;6.2;Россия;комедия;Евгений Абызов
Семь;1995;8.3;США;триллер, драма, криминал, детектив;Дэвид Финчер
Марсианин;2015;7.7;Великобритания, США, Венгрия, Иордания;фантастика, приключения;Ридли Скотт
Холодное сердце;2013;7.8;США;мультфильм, мюзикл, фэнтези, комедия, мелодрама, приключения, семейный;Крис Бак, Дженнифер Ли
Стражи Галактики. Часть 2;2017;7.6;США;фантастика, боевик, приключения, комедия;Джеймс Ганн
Время убивать;1996;7.9;США;триллер, драма, криминал;Джоэл Шумахер
Заводной апельсин;1971;7.9;Великобритания, США;фантастика, криминал;Стэнли Кубрик
Приключения Шаркбоя и Лавы;2005;4.2;США;фантастика, фэнтези, боевик, комедия, приключения, семейный;Роберт Родригес
Одержимость;2013;8.3;США;драма, музыка;Дэмьен Шазелл
Бойфренд из будущего;2013;7.9;Великобритания, США;фантастика, фэнтези, драма, мелодрама, комедия;Ричард Кёртис
Красотка на всю голову;2018;6.6;США, Китай;мелодрама, комедия;Эбби Кон, Марк Силверштейн
Апгрейд;2018;7.6;Австралия, США;фантастика, боевик, триллер, детектив, криминал;Ли Уоннелл
Тор;2011;7.1;США;фантастика, боевик, фэнтези, приключения;Кеннет Брана
Космический джем: Новое поколение;2021;6.0;США;мультфильм, фантастика, фэнтези, комедия, приключения, семейный, спорт;Малкольм Д. Ли
Проклятие плачущей: Безвременье;2022;7.2;США;ужасы;Эндрю Мечэм, Мэттью Уэдон
Звёздные войны: Эпизод 3 — Месть ситхов;2005;8.1;США;фантастика, боевик, фэнтези, приключения;Джордж Лукас
Операция «Фортуна»: Искусство побеждать;2022;7.2;Китай, США;боевик, триллер, комедия;Гай Ричи
Тихое место;2018;6.8;США;ужасы, фантастика, драма;Джон Красински
Прекрасная эпоха;2019;7.7;Франция, Бельгия;мелодрама, драма, комедия;Николя Бедос
Человек-муравей;2015;7.1;США;фантастика, боевик, комедия, приключения;Пейтон Рид
Чудаки навсегда;2022;6.9;США;документальный, боевик, комедия;Джефф Треймейн
Терминатор;1984;8.0;Великобритания, США;фантастика, боевик, триллер;Джеймс Кэмерон
Финник;2022;6.6;Россия;мультфильм, приключения, детский;Денис Чернов
Люди Икс: Дни минувшего будущего;2014;7.7;США, Великобритания;фантастика, боевик, триллер, приключения;Брайан Сингер
Посейдон;2006;6.5;США;боевик, триллер, приключения;Вольфганг Петерсен
Соник 2 в кино;2022;7.0;Япония, США;фантастика, фэнтези, боевик, комедия, приключения, семейный;Джефф Фаулер
Лакричная пицца;2021;7.4;США, Канада;драма, мелодрама, комедия;Пол Томас Андерсон
Тихий омут;2021;6.8;США;триллер, драма, криминал;Том Маккарти
Город грехов;2005;7.9;США;боевик, триллер, криминал, детектив;Фрэнк Миллер, Квентин Тарантино, Роберт Родригес
Прометей;2012;7.0;США, Великобритания;фантастика, ужасы;Ридли Скотт
Вечные;2021;6.5;США;фантастика, фэнтези, боевик, приключения;Хлоя Чжао
Пианист;2002;8.5;Франция, Польша, Великобритания, Германия;драма, военный, биография, музыка;Роман Полански
Чёрный лебедь;2010;7.7;США;драма, триллер;Даррен Аронофски
Царство небесное;2005;7.6;США, Испания;боевик, драма, приключения, военный, история;Ридли Скотт
Зомби по имени Шон;2004;7.4;Великобритания, Франция, США;ужасы, комедия;Эдгар Райт
Жизнь Дэвида Гейла;2002;8.1;Великобритания, Германия, Испания, США;триллер, драма, криминал;Алан Паркер
Пираты Карибского моря: Мертвецы не рассказывают сказки;2017;6.6;США, Австралия, Великобритания, Канада;фэнтези, боевик, комедия, приключения;Хоаким Роннинг, Эспен Сандберг
Солярис;1972;8.0;СССР;фантастика, драма, детектив;Андрей Тарковский
Большой Лебовски;1998;7.8;США, Великобритания;комедия, криминал;Джоэл Коэн, Итан Коэн
Один дома;1990;8.3;США;комедия, семейный;Крис Коламбус
Идентификация;2003;7.6;США;триллер, детектив;Джеймс Мэнголд
Терминал;2004;8.1;США;драма, мелодрама, комедия;Стивен Спилберг
Рататуй;2007;8.0;США;мультфильм, приключения, комедия, семейный, фэнтези, драма;Брэд Бёрд, Ян Пинкава
Обитель зла;2002;7.5;США, Германия;ужасы, боевик, фантастика;Пол У. С. Андерсон
Поездка на выходные;2022;6.1;США;триллер, драма, криминал, детектив;Ким Фаррант
Стрелок;2007;7.7;США;боевик, триллер, драма;Антуан Фукуа
Воспоминания;2021;6.6;США;фантастика, триллер, мелодрама, детектив;Лиза Джой
Умница Уилл Хантинг;1997;8.1;США;драма, мелодрама;Гас Ван Сент
Хэллоуин убивает;2021;5.2;США;ужасы;Дэвид Гордон Грин
Солнцестояние;2019;6.5;Швеция, США;ужасы, драма, триллер;Ари Астер
Люди в чёрном;1997;8.0;США;фантастика, боевик, комедия, приключения;Барри Зонненфельд
Тайна Коко;2017;8.6;США, Мексика;мультфильм, фэнтези, комедия, приключения, семейный, музыка;Ли Анкрич, Эдриан Молина
Война миров Z;2013;7.0;США;ужасы, фантастика, боевик, приключения;Марк Форстер
Холодное сердце 2;2019;7.2;США;мультфильм, мюзикл, фэнтези, комедия, приключения, семейный;Крис Бак, Дженнифер Ли
Дьявол всегда здесь;2020;7.1;США;триллер, драма, криминал;Антонио Кампос
Семья по-быстрому;2018;7.5;США;драма, комедия, семейный;Шон Андерс
Ряд 19;2021;4.9;Россия;ужасы, триллер;Александр Бабаев
Тор: Любовь и гром;2022;7.2;США;фэнтези, боевик, приключения;Тайка Вайтити
Кто там;2014;5.6;США, Чили, Израиль;триллер;Элай Рот
Адвокат дьявола;1997;8.2;США, Германия;триллер, фэнтези, драма, детектив;Тейлор Хэкфорд
Заклятие 3: По воле дьявола;2021;6.3;США;ужасы, детектив;Майкл Чавес
Банды Нью-Йорка;2002;7.7;США, Германия, Великобритания, Нидерланды, Италия;драма, криминал;Мартин Скорсезе
Утраченные иллюзии;2021;7.5;Франция, Бельгия;драма, мелодрама;Ксавье Джанноли
Отряд самоубийц: Миссия навылет;2021;6.7;США;боевик, фантастика, комедия, фэнтези;Джеймс Ганн
Дьявол в деталях;2020;6.6;США;детектив, криминал, триллер, драма;Джон Ли Хэнкок
Армия воров;2021;6.4;Германия, США;боевик, триллер, криминал;Маттиас Швайгхёфер
Гангстер, коп и дьявол;2019;7.2;Корея Южная;триллер, боевик, криминал, детектив;Ли Вон-тхэ
Это всё он;2021;6.1;США;мелодрама, комедия;Марк Уотерс
Мальчишник в Вегасе;2009;7.9;США;комедия;Тодд Филлипс
Ничего хорошего в отеле «Эль Рояль»;2018;7.1;США;триллер, драма, криминал, детектив;Дрю Годдард
Двухсотлетний человек;1999;8.0;США, Германия;фантастика, драма, комедия;Крис Коламбус
Шоу Трумана;1998;8.3;США;драма, комедия;Питер Уир
Алита: Боевой ангел;2019;7.2;США, Япония, Канада;фантастика, боевик, приключения;Роберт Родригес
Нефть;2007;7.8;США;драма;Пол Томас Андерсон
Заложница;2007;7.9;Франция, США, Великобритания;боевик, триллер, криминал;Пьер Морель
Место под соснами;2012;7.3;США;триллер, драма, криминал;Дерек Сиенфрэнс
Сёстры;2001;7.6;Россия;драма, криминал;Сергей Бодров мл.
Железный человек 3;2013;7.5;США;фантастика, боевик, приключения;Шейн Блэк
Приключения Пильи;2021;7.4;Франция;мультфильм, фэнтези, приключения;Жюльен Фурне
Батя;2020;7.2;Россия;комедия, мелодрама;Дмитрий Ефимович
Жажда золота;2021;5.6;Австралия;боевик, триллер;Энтони Хэйес
Утомленные солнцем 2: Цитадель;2011;3.5;Россия;драма, военный;Никита Михалков
Пламенное сердце;2022;6.4;Франция, Канада;мультфильм, комедия, приключения, семейный;Теодор Ти, Лоран Зэйтун
Разрушение;2015;7.2;США;драма, комедия;Жан-Марк Валле
Револьвер;2005;7.4;Великобритания, Франция;боевик, триллер, драма, криминал, детектив;Гай Ричи
Однажды в кино;2021;7.2;Индия, Франция, США;драма;Пан Налин
Гудбай, Америка;2020;6.6;Россия;мелодрама, комедия;Сарик Андреасян
Век Адалин;2015;7.6;США, Канада;драма, мелодрама, фэнтези;Ли Толанд Кригер
Волынь;2016;7.0;Польша;военный, драма, история;Войчех Смажовски
Война;2002;8.0;Россия;боевик, военный, история, драма;Алексей Балабанов
Тор: Рагнарёк;2017;7.6;США, Австралия;фантастика, фэнтези, боевик, комедия, приключения;Тайка Вайтити
Рапунцель: Запутанная история;2010;7.9;США, Германия;мультфильм, мюзикл, фэнтези, мелодрама, комедия, приключения, семейный;Нэйтан Грено, Байрон Ховард
Убийство в Восточном экспрессе;2017;6.8;США, Мальта, Великобритания;детектив, криминал, драма;Кеннет Брана
Олдбой;2003;8.1;Корея Южная;триллер, детектив, драма, боевик, криминал;Пак Чхан-ук
Последний богатырь: Корень зла;2020;6.9;Россия;фэнтези, приключения, комедия, семейный;Дмитрий Дьяченко
Город героев;2014;7.9;США, Япония;мультфильм, фантастика, комедия, семейный, боевик;Дон Холл, Крис Уильямс
Последний богатырь;2017;6.9;Россия;комедия, фэнтези, приключения, семейный;Дмитрий Дьяченко
Похождения императора;2000;7.9;США;мультфильм, фэнтези, комедия, приключения, семейный;Марк Диндал
Время;2021;6.4;США, Япония;триллер, драма, фантастика;М. Найт Шьямалан
Страсть под запретом;2021;5.4;Латвия;комедия;Андрейс Экис 
Красотка;1990;8.0;США;мелодрама, комедия;Гэрри Маршалл
Моя ужасная сестра;2021;5.3;Россия;семейный;Александр Галибин
Доктор Стрэндж: В мультивселенной безумия;2022;7.2;США;ужасы, фантастика, фэнтези, боевик, приключения;Сэм Рэйми
Пираты Карибского моря: На краю света;2007;8.0;США;приключения, боевик, фэнтези;Гор Вербински
Спенсер;2021;6.2;Великобритания, Германия, США, Чили;биография, драма, мелодрама;Пабло Ларраин
Исчезнувший;2021;6.0;Великобритания, Франция, Германия;триллер, драма, криминал, детектив;Кристиан Карион
Реальные упыри;2014;7.4;Новая Зеландия;комедия, ужасы;Джемейн Клемент, Тайка Вайтити
Звёздные войны: Скайуокер. Восход;2019;6.0;США;фантастика, фэнтези, боевик, приключения;Джей Джей Абрамс
Отец;2020;7.8;Великобритания, Франция, США;драма;Флориан Зеллер
500 дней лета;2009;7.6;США;мелодрама, комедия;Марк Уэбб
Мы;2019;6.3;США, Китай, Япония;ужасы, триллер, детектив, комедия;Джордан Пил
Роман служанки;2021;5.7;Великобритания, Германия;драма, мелодрама;Ева Хассон
Техасская резня бензопилой;2022;5.2;США, Болгария;ужасы;Дэвид Блу Гарсиа
Ведьмы;2020;5.7;США, Мексика, Великобритания;фэнтези, комедия, семейный;Роберт Земекис
Я иду искать;2019;6.9;США, Канада;триллер, комедия, ужасы;Мэттью Беттинелли, Тайлер Джиллетт
Белфаст;2021;7.0;Великобритания;драма, биография, история;Кеннет Брана
Оно;2017;7.3;США, Канада;ужасы, фэнтези, драма, детектив;Андрес Мускетти
Девять ярдов;2000;7.7;США;комедия, криминал;Джонатан Линн
Гарри Поттер и Тайная комната;2002;8.1;Великобритания, США;фэнтези, приключения, семейный;Крис Коламбус
Американский пирог;1999;7.2;США;комедия;Пол Вайц, Крис Вайц
Остров сокровищ;1988;8.2;СССР;мультфильм, приключения, мюзикл, комедия;Давид Черкасский
Обливион;2013;7.2;США;фантастика, боевик, триллер, приключения, мелодрама;Джозеф Косински
Монстры;2010;5.9;Великобритания, Мексика;фантастика, триллер, драма, мелодрама, приключения;Гарет Эдвардс
Крик;2022;6.2;США;ужасы, детектив;Мэттью Беттинелли, Тайлер Джиллетт
Сердце из стали;2017;5.7;Китай, Гонконг;фантастика, боевик, триллер;Чжан Лицзя
Бабки;2021;5.4;Россия;комедия, драма;Никита Владимиров
Элвин и бурундуки;2007;6.2;США;семейный, комедия, музыка;Тим Хилл
Молчание;2016;7.1;США, Великобритания, Тайвань, Япония, Мексика, Италия;драма, история;Мартин Скорсезе
Не время умирать;2021;7.0;Великобритания, США;боевик, триллер, приключения;Кэри Дзёдзи Фукунага
Мегрэ и таинственная девушка;2022;6.3;Франция, Бельгия;детектив, криминал;Патрис Леконт
Воспоминания из будущего;2021;6.9;Корея Южная;триллер, детектив, криминал;Со Ю-мин
Остров;2006;7.9;Россия;драма;Павел Лунгин
Еще одна из рода Болейн;2008;7.7;Великобритания, США;драма, мелодрама, биография, история;Джастин Чадвик
Большой куш;2000;8.5;Великобритания, США;криминал, комедия, боевик;Гай Ричи
В метре друг от друга;2019;7.3;США;драма, мелодрама;Джастин Бальдони
Жуткая семейка;2021;6.7;Италия;комедия;Вольфанго Де Биази
Вальдо;2021;6.3;США;триллер, боевик, детектив;Тим Киркби
Индиана Джонс: В поисках утраченного ковчега;1981;8.0;США;приключения, боевик, комедия;Стивен Спилберг
Валериан и город тысячи планет;2017;6.8;Франция, Китай, Германия, ОАЭ, США;фантастика, фэнтези, боевик, приключения;Люк Бессон
Я, робот;2004;7.8;США, Германия;фантастика, боевик, триллер, детектив;Алекс Пройас
Человек-паук: Нет пути домой;2021;8.1;США;фантастика, боевик, приключения, фэнтези;Джон Уоттс
Притворись моей женой;2011;7.3;США;мелодрама, комедия;Деннис Дуган
Лжец, лжец;1997;7.7;США;комедия, фэнтези;Том Шэдьяк
Стикер;2022;7.2;Россия;мелодрама, детектив, триллер;Дмитрий Баран
Остров собак;2018;8.1;США, Германия, Япония, Великобритания;мультфильм, фантастика, фэнтези, драма, комедия, приключения;Уэс Андерсон
Глаза Тэмми Фэй;2021;6.5;США;драма, мелодрама, биография;Майкл Шоуолтер
Человек-паук: Возвращение домой;2017;7.1;США;фантастика, боевик, приключения;Джон Уоттс
Интерстеллар;2014;8.6;Великобритания, Канада, США;фантастика, драма, приключения;Кристофер Нолан
С меня хватит!;1992;7.6;США, Франция, Великобритания;боевик, триллер, драма, криминал;Джоэл Шумахер
Девушка с татуировкой дракона;2011;7.7;США, Швеция, Норвегия;триллер, драма, криминал, детектив;Дэвид Финчер
Атлантида: Затерянный мир;2001;7.8;США;мультфильм, фантастика, фэнтези, боевик, приключения, семейный;Гари Труздейл, Кирк Уайз
Джуманджи;1995;7.9;США;фэнтези, комедия, приключения, семейный;Джо Джонстон
Дело Коллини;2019;7.6;Германия;детектив, драма, криминал, триллер;Марко Кройцпайнтнер
Зеленая книга;2018;8.4;США, Китай;биография, комедия, драма;Питер Фаррелли
Унесённые призраками;2001;8.5;Япония;аниме, мультфильм, фэнтези, приключения, семейный;Хаяо Миядзаки
Человек-паук: Через вселенные;2018;8.1;США;мультфильм, фантастика, фэнтези, боевик, комедия, приключения, семейный;Боб Персичетти, Питер Рэмзи, Родни Ротман
Игры разума;2001;8.5;США;драма, биография, мелодрама;Рон Ховард
Криминальное чтиво;1994;8.6;США;криминал, драма;Квентин Тарантино
Не дыши;2015;6.6;США, Венгрия;триллер, криминал;Федерико Альварес
День курка;2019;7.1;США;фантастика, боевик;Джо Карнахан
Дюнкерк;2017;7.3;Великобритания, Нидерланды, Франция, США;военный, драма, история;Кристофер Нолан
Крупная рыба;2003;7.9;США;фэнтези, драма, мелодрама, приключения;Тим Бёртон
Мистер Нокаут;2022;7.7;Россия;спорт, драма;Артём Михалков
Еще по одной;2020;7.5;Дания, Швеция, Нидерланды;драма, комедия;Томас Винтерберг
Лулу и Бриггс;2021;6.6;США;комедия, драма, приключения;Рид Каролин, Ченнинг Татум
Хардкор;2016;7.1;Россия, США;боевик, фантастика;Илья Найшуллер
Ледниковый период;2002;8.0;США;мультфильм, комедия, приключения, семейный;Крис Уэдж, Карлос Салдана
Между небом и землей;2022;6.3;США;фантастика, драма, мелодрама;Арье Позин
Таксист;2017;8.1;Корея Южная;история, драма, биография;Чан Хун
Послезавтра;2004;7.7;США;фантастика, триллер, драма, приключения;Роланд Эммерих
Основатель;2016;7.5;США, Греция;биография, драма;Джон Ли Хэнкок
Дора и Затерянный город;2019;6.4;США, Мексика, Австралия;комедия, детектив, приключения, семейный;Джеймс Бобин
Малышка на миллион;2004;8.1;США;драма, спорт;Клинт Иствуд
Halo 4: Идущий к рассвету;2012;6.7;США;фантастика, боевик, триллер, приключения, семейный, военный;Стюарт Хендлер
Сталкер;1979;8.1;СССР;фантастика, драма, детектив, приключения;Андрей Тарковский
Темные воды;2019;7.7;США;триллер, драма, биография, история;Тодд Хейнс
Чёрная Пантера;2018;6.5;США;фантастика, боевик, приключения;Райан Куглер
Шерлок Холмс;2009;8.1;США, Германия, Великобритания, Австралия;боевик, приключения, триллер, драма, комедия, криминал, детектив;Гай Ричи
Дневники няни;2007;6.9;США;драма, мелодрама, комедия;Шари Спрингер Берман, Роберт Пульчини
Терминатор 2: Судный день;1991;8.3;США;фантастика, боевик, триллер;Джеймс Кэмерон
Веном 2;2021;6.1;США;фантастика, боевик, ужасы;Энди Серкис
Брат 2;2000;8.1;Россия, США;боевик, криминал;Алексей Балабанов
Хороший, плохой, злой;1966;8.5;Италия, Испания, Германия;приключения, вестерн;Серджио Леоне
Жизнь прекрасна;1997;8.6;Италия;военный, комедия, драма, мелодрама;Роберто Бениньи
Мемуары гейши;2005;8.0;Франция, Япония, США;драма, мелодрама;Роб Маршалл
Дьявол носит Prada;2006;7.6;США, Франция;драма, комедия;Дэвид Фрэнкел
Чёрная Вдова;2021;6.2;США;фантастика, боевик, приключения;Кейт Шортланд
Мажоры на мели;2021;6.4;Франция;комедия;Николя Кюш
Хоббит: Битва пяти воинств;2014;7.8;Новая Зеландия, США;фэнтези, приключения, боевик;Питер Джексон
Ип Ман;2008;8.2;Гонконг, Китай;биография, боевик, драма;Уилсон Ип
Отряд самоубийц;2016;6.1;США;фантастика, боевик, фэнтези, приключения;Дэвид Эйр
Пираты Карибского моря: Проклятие Черной жемчужины;2003;8.3;США;фэнтези, боевик, приключения;Гор Вербински
Балканский рубеж;2019;7.5;Россия, Сербия;боевик, военный, драма, история;Андрей Волгин
Кощей. Начало;2021;7.4;Россия;мультфильм, семейный, приключения, фэнтези;Андрей Колпин
Прибытие;2016;7.6;США, Канада;фантастика, драма;Дени Вильнёв
Мир Юрского периода: Господство;2022;7.2;США;фантастика, боевик, триллер, приключения;Колин Треворроу
Удовольствие;2021;5.6;Швеция, Нидерланды, Франция;драма;Нинья Тюберг
Бэтмен;1989;7.5;США, Великобритания;фантастика, боевик, триллер, криминал;Тим Бёртон
Воспоминания об убийстве;2003;7.7;Корея Южная;детектив, криминал, драма, триллер;Пон Джун-хо
Матрица: Воскрешение;2021;5.8;США;фантастика, боевик;Лана Вачовски
Дом на глубине;2021;5.6;Франция, Бельгия;ужасы;Александр Бустильо, Жюльен Мори
Ремонт малых двигателей;2021;6.3;США;триллер, драма, комедия;Джон Поллоно
Красота по-американски;1999;8.0;США;драма;Сэм Мендес
Поверьте мне. Похищение Лизы МакВей (ТВ;2018;7.1;Канада;драма, криминал, биография;Джим Донован
Опасная вечеринка;2021;4.7;Великобритания;ужасы, драма;Рут Пэкстон
Прятки;2019;4.8;США;триллер, ужасы;Джоэль Мур
Борат;2006;6.7;США;комедия;Ларри Чарльз
Это — Англия;2006;7.5;Великобритания;драма, криминал;Шэйн Медоуз
Пандорум;2009;7.1;Великобритания, Германия;ужасы, фантастика, боевик, триллер, детектив;Кристиан Альварт
Форсаж 8;2017;6.2;США, Китай, Япония;боевик, криминал, приключения;Ф. Гэри Грей
Брат;1997;8.3;Россия;драма, криминал, боевик;Алексей Балабанов
Дом на другой стороне;2020;6.0;Великобритания, США;ужасы, детектив;Дэвид Брукнер
Красная ракета;2021;6.7;США;драма, комедия;Шон Бэйкер
Бойцовский клуб;1999;8.6;США, Германия;триллер, драма, криминал;Дэвид Финчер
Магическая битва 0. Фильм;2021;7.2;Япония;аниме, мультфильм, боевик, фэнтези;Пак Сон-ху
Кто я;2014;7.4;Германия;фантастика, триллер, драма, криминал, детектив;Баран бо Одар
Человек из стали;2013;6.9;США, Великобритания;фантастика, боевик, приключения;Зак Снайдер
Титаник;1997;8.4;США, Мексика, Австралия;мелодрама, история, триллер, драма;Джеймс Кэмерон
Ведьма;2015;6.6;Канада, США, Великобритания;ужасы;Роберт Эггерс
Ходячий замок;2004;8.3;Япония;аниме, мультфильм, фэнтези, мелодрама, приключения;Хаяо Миядзаки
Мой любимый враг;2021;6.9;США;мелодрама, комедия;Питер Хатчингс
Довод;2020;7.5;Великобритания, США;фантастика, боевик, триллер;Кристофер Нолан
Бессмертные;2021;6.8;Россия;драма;Тигран Кеосаян
Папы;2021;6.3;Россия;драма, комедия, семейный;Анна Матисон, Карен Оганесян, Сергей Юдаков
Хищные птицы: Потрясающая история Харли Квинн;2020;5.9;США;боевик, криминал, комедия;Кэти Янь
Мост в Терабитию;2006;7.8;США;фэнтези, драма, приключения, семейный;Габор Чупо
Камуфляж и шпионаж;2019;7.3;США;мультфильм, фантастика, фэнтези, боевик, триллер, комедия, приключения, семейный;Ник Бруно, Трой Квон
Укрощение строптивого;1980;8.4;Италия;мелодрама, комедия;Франко Кастеллано, Джузеппе Моччиа
Чтец;2008;7.9;США, Германия;драма, мелодрама;Стивен Долдри
Голая правда;2009;7.6;США;мелодрама, комедия;Роберт Лукетич
Короче;2017;5.7;США, Норвегия;фантастика, фэнтези, драма;Александр Пэйн
Дивергент;2014;6.7;США;фантастика, детектив, боевик, мелодрама;Нил Бёргер
Охотники за привидениями: Наследники;2021;7.0;США, Канада;фантастика, комедия, боевик, фэнтези;Джейсон Райтман
Ранго;2011;7.2;США, Канада;мультфильм, драма, комедия, приключения, семейный, вестерн;Гор Вербински
Загадочная история Бенджамина Баттона;2008;8.1;США;драма, фэнтези;Дэвид Финчер
Темный рыцарь: Возрождение легенды;2012;8.1;Великобритания, США;фантастика, боевик, триллер, драма, криминал;Кристофер Нолан
Хочу замуж;2022;6.0;Россия;комедия, мелодрама;Соня Карпунина
Новый Человек-паук: Высокое напряжение;2014;6.7;США;фантастика, боевик, приключения;Марк Уэбб
Аквамен;2018;6.8;США, Австралия;фантастика, фэнтези, боевик, приключения;Джеймс Ван
Побег из Шоушенка;1994;9.1;США;драма;Фрэнк Дарабонт
Константин: Повелитель тьмы;2005;7.8;США, Германия;фэнтези, ужасы, боевик, детектив;Френсис Лоуренс
Король Лев;1994;8.8;США;мультфильм, мюзикл, драма, приключения, семейный;Роджер Аллерс, Роб Минкофф
Многоэтажка;2022;7.0;Россия;триллер, драма;Антон Маслов
День слепого Валентина;2022;6.2;Россия;комедия, мелодрама;Александр Баршак
Пласт;2022;5.9;Россия;драма, криминал;Станислав Сапачёв
Леди Баг и Супер-Кот: Пробуждение;2022;7.2;США, Франция, Япония;мультфильм, мюзикл, фэнтези, боевик, мелодрама, комедия, приключения, семейный, детский;Джереми Заг
Дитя человеческое;2006;7.4;США, Великобритания, Япония;фантастика, боевик, триллер;Альфонсо Куарон
Клаус;2019;8.6;Испания, Великобритания, США;мультфильм, семейный, комедия, приключения;Серхио Паблос, Карлос Мартинес Лопес
Мальчик-дельфин;2021;4.7;Россия;мультфильм, приключения, фэнтези, комедия;Андрей Гоглев, Мохаммад Хейрандиш
Адский небоскреб;2001;6.2;Франция;комедия;Шарль Немес
Старикам тут не место;2007;7.8;США;триллер, драма, криминал, вестерн;Итан Коэн, Джоэл Коэн
Милые кости;2009;7.1;США, Великобритания, Новая Зеландия;фэнтези, триллер, драма, криминал, детектив;Питер Джексон
Люди Икс;2000;7.7;США;фантастика, боевик, приключения;Брайан Сингер
Плохие парни навсегда;2020;6.6;США, Мексика;боевик, триллер, комедия, криминал;Адиль Эль Арби, Билал Фалла
LOL [ржунимагу];2008;7.0;Франция;мелодрама, комедия;Лиза Азуэлос
Девушка в подвале;2021;6.2;США;ужасы, триллер, драма, криминал;Элизабет Рём
Дом у озера;2006;7.8;США;фэнтези, драма, мелодрама;Алехандро Агрести
В роли Рикардо;2021;6.7;США;драма, биография;Аарон Соркин
Митчеллы против машин;2020;7.7;США, Гонконг;мультфильм, фантастика, комедия, приключения, семейный;Майкл Рианда, Джефф Роу
Искусственный разум;2001;7.9;США, Великобритания;фантастика, драма;Стивен Спилберг
Вперёд;2019;7.8;США;мультфильм, фэнтези, комедия, приключения, семейный;Дэн Скэнлон
Корпорация монстров;2001;8.1;США;мультфильм, фэнтези, комедия, приключения, семейный;Пит Доктер, Дэвид Силверман, Ли Анкрич
Перелом;2019;6.5;США;триллер, детектив;Брэд Андерсон
Мальчик в полосатой пижаме;2008;8.2;Великобритания, США;драма, военный, история;Марк Херман
Реквием по мечте;2000;8.0;США;драма;Даррен Аронофски
Быстрее пули;2022;7.2;США;боевик, триллер;Дэвид Литч
Крик;1996;7.3;США;ужасы, триллер, детектив;Уэс Крэйвен
Мулан;1998;8.1;США;мультфильм, мюзикл, фэнтези, комедия, приключения, семейный, военный;Тони Бэнкрофт, Бэрри Кук
Хроники Нарнии: Лев, колдунья и волшебный шкаф;2005;7.3;Великобритания, США;фэнтези, приключения, семейный;Эндрю Адамсон
Казино Рояль;2006;7.8;Великобритания, Чехия, США, Германия, Багамы;боевик, триллер, приключения;Мартин Кэмпбелл
Тачки;2006;7.5;США;мультфильм, комедия, приключения, семейный, спорт;Джон Лассетер, Джо Рэнфт
Параллельные матери;2021;7.1;Испания, Франция;драма, мелодрама;Педро Альмодовар
Райя и последний дракон;2021;8.1;США;мультфильм, фэнтези, боевик, драма, комедия, приключения, семейный;Дон Холл, Карлос Лопес Эстрада, Пол Бриггс
Схватка;1995;8.0;США;боевик, драма, криминал;Майкл Манн
365 дней;2020;5.1;Польша;мелодрама;Барбара Бяловас, Томаш Мандес
Пираты Карибского моря: Сундук мертвеца;2006;8.1;США;фэнтези, боевик, приключения;Гор Вербински
Брюс Всемогущий;2003;7.7;США;фэнтези, комедия, драма;Том Шэдьяк
Незнакомая дочь;2020;6.7;США, Греция;драма;Мэгги Джилленхол
Королевство полной луны;2012;7.6;США;семейный, комедия, драма, мелодрама;Уэс Андерсон
Скрежет;2022;6.0;Финляндия, Швеция;ужасы;Ханна Бергхольм
Купе номер 6;2021;6.8;Финляндия, Эстония, Россия, Германия;драма, мелодрама;Юхо Куосманен
Аферист из Tinder;2022;7.1;Великобритания;документальный, криминал;Фелисити Моррис
Кими;2022;6.1;США;триллер, драма, криминал;Стивен Содерберг
Джентльмены;2019;8.5;Великобритания, США;криминал, комедия, боевик;Гай Ричи
Нормальный только я;2021;6.5;Россия;комедия;Антон Богданов
Прочь;2017;7.1;США, Япония;ужасы, триллер, детектив;Джордан Пил
Громкое дело;2021;6.5;Нидерланды;драма, криминал, биография;Сандер Бюргер
Дюна;2021;7.7;США, Канада, Венгрия;фантастика, боевик, драма, приключения;Дени Вильнёв
Не отпускай;2019;6.5;США;триллер, детектив, фантастика, криминал;Джейкоб Аарон Эстес
Запах женщины;1992;8.4;США;драма;Мартин Брест
Истребитель демонов: Поезд «Бесконечный»;2020;7.8;Япония;аниме, мультфильм, боевик, фэнтези;Харуо Сотодзаки
Диктатор;2012;6.5;США;комедия;Ларри Чарльз
Земля кочевников;2020;7.3;США, Германия;драма;Хлоя Чжао
Доктор Лиза;2020;8.2;Россия;драма, биография;Оксана Карас
Мы — Миллеры;2013;7.3;США, Великобритания;комедия, криминал;Роусон Маршалл Тёрбер
Лига справедливости;2017;6.1;США, Канада, Великобритания;фантастика, боевик, фэнтези;Зак Снайдер
Линкольн для адвоката;2011;7.8;США;криминал, триллер, драма, детектив;Брэд Фурман
По соображениям совести;2016;8.1;Австралия, США;драма, военный, биография, история;Мэл Гибсон
Анна;2019;6.1;Франция, США, Канада, Россия;боевик, триллер;Люк Бессон
Неисправимый Рон;2021;7.6;США, Великобритания;мультфильм, фантастика, комедия, приключения, семейный;Сара Смит, Жан-Филипп Вине, Октавио Е. Родригес
Звездный путь;2009;7.7;США, Германия;фантастика, боевик, приключения;Джей Джей Абрамс
Заклятие;2013;7.4;США;ужасы, детектив;Джеймс Ван
Богемская рапсодия;2018;8.0;Великобритания, США;биография, музыка, драма;Брайан Сингер
Воображариум доктора Парнаса;2009;7.0;Великобритания, Франция, Канада;фэнтези, приключения, комедия, детектив;Терри Гиллиам
Flashback;2021;7.2;Франция;фантастика, комедия;Каролин Виньо
Невероятный мир глазами Энцо;2019;8.1;США;драма, мелодрама, комедия, спорт, семейный;Саймон Кёртис
Кролик Джоджо;2019;7.9;Новая Зеландия, Чехия, США;комедия, военный, история, драма;Тайка Вайтити
Враг государства;1998;7.8;США;боевик, триллер;Тони Скотт
Миньоны: Грювитация;2022;7.2;США;мультфильм, фантастика, комедия, криминал, приключения, семейный;Кайл Балда, Брэд Эблесон, Джонатан дель Валь
Великий Гэтсби;2013;7.9;Австралия, США;драма, мелодрама;Баз Лурман
Бумер;2003;7.0;Россия;драма, криминал;Пётр Буслов
Смерть на Ниле;1978;7.6;Великобритания;драма, криминал, детектив;Джон Гиллермин
Страх и ненависть в Лас-Вегасе;1998;7.6;США;драма, комедия;Терри Гиллиам
Выживут только любовники;2013;7.4;Великобритания, Германия, Греция, Франция;фэнтези, триллер, драма;Джим Джармуш
Монстры на каникулах;2012;7.6;США;мультфильм, фэнтези, комедия, семейный;Генндий Тартаковский
Чудо-женщина: 1984;2020;6.1;США, Великобритания, Испания;фэнтези, боевик, приключения, фантастика;Пэтти Дженкинс
Аллея кошмаров;2021;7.1;США, Мексика, Канада;триллер, драма, криминал;Гильермо дель Торо
Мстители;2012;7.9;США;фантастика, боевик, фэнтези, приключения;Джосс Уидон
Код Да Винчи;2006;7.3;США, Мальта, Франция, Великобритания;триллер, детектив;Рон Ховард
Ворон;1994;7.9;США;фэнтези, боевик, драма;Алекс Пройас
Зависнуть в Палм-Спрингс;2020;7.3;США, Гонконг;комедия, мелодрама, фантастика;Макс Барбаков
Огонь;2020;7.7;Россия;драма, боевик;Алексей Нужный
Мне бы в небо;2009;7.3;США;драма, мелодрама, комедия;Джейсон Райтман
Призрачная шестёрка;2019;6.1;США;боевик;Майкл Бэй
Легенда;2015;7.2;Великобритания, Франция, США;криминал, триллер, драма;Брайан Хелгеленд
Вторая жизнь Уве;2015;8.0;Швеция;драма, мелодрама, комедия;Ханнес Холм
Виновный;2021;6.5;США;триллер, криминал;Антуан Фукуа
Девушка в поезде;2016;6.6;США;триллер, детектив, драма, криминал;Тейт Тейлор
Хранители;2009;7.6;США;фантастика, боевик, драма, детектив;Зак Снайдер
Дедушка легкого поведения;2015;6.1;США, Великобритания;комедия;Дэн Мазер
Иллюзия обмана;2013;7.7;США, Франция;криминал, триллер, детектив;Луи Летерье
Звездная пыль;2007;7.7;Великобритания, США;фэнтези, мелодрама, приключения, семейный;Мэттью Вон
Унесённые ветром;1939;8.4;США;мелодрама, история, драма, военный;Виктор Флеминг, Джордж Кьюкор, Сэм Вуд
Соник в кино;2020;6.6;США, Япония, Канада;боевик, комедия, фантастика, приключения;Джефф Фаулер
В центре внимания;2015;7.5;США;драма, криминал, биография;Том Маккарти
Веном;2018;6.9;США, Китай;фантастика, боевик, триллер, ужасы;Рубен Фляйшер
Семейство Белье;2014;7.2;Франция, Бельгия;драма, комедия, музыка;Эрик Лартиго
Мавка. Лесная песня;2022;7.2;Украина;мультфильм, фэнтези, комедия;Александра Рубан, Олег Маламуж
Шрэк 5;2022;7.2;США;мультфильм, фэнтези, комедия, приключения, семейный;
Убить Билла;2003;7.6;США, Япония;боевик, триллер, драма, криминал;Квентин Тарантино
Лука;2021;7.8;США;мультфильм, фэнтези, комедия, приключения, семейный;Энрико Касароса
Королевская битва;2000;7.5;Япония;боевик, триллер, фантастика, драма;Киндзи Фукасаку
Пятьдесят оттенков свободы;2018;5.4;США;триллер, драма, мелодрама;Джеймс Фоули
Рассвет мертвецов;2004;7.3;США, Канада, Япония, Франция;ужасы, боевик;Зак Снайдер
Меч дракона;2015;6.6;Китай, Гонконг;фэнтези, боевик, драма, история;Дэниэл Ли
Достать ножи;2019;8.0;США;детектив, комедия, драма, криминал;Райан Джонсон
Гонка со временем;2021;5.4;США;триллер;Филлип Нойс
Никто;2021;7.4;США, Япония;боевик, триллер, криминал;Илья Найшуллер
Ключ от всех дверей;2005;7.4;США, Германия;ужасы, триллер, драма, детектив;Иэн Софтли
Легенда о волках;2020;8.2;Ирландия, Люксембург, Франция, США, Великобритания;мультфильм, фэнтези, приключения, семейный;Томм Мур, Росс Стюарт
Матрица;1999;8.5;США, Австралия;фантастика, боевик;Лана Вачовски, Лилли Вачовски
В тихом омуте;2019;6.8;США;триллер, криминал, детектив, драма;Адам Рэндолл
Падение Луны;2022;5.4;США, Китай, Канада;фантастика, боевик;Роланд Эммерих
King’s Man: Начало;2021;5.9;Великобритания, США;боевик, триллер, приключения;Мэттью Вон
Доктор Стрэндж;2016;7.5;США;фантастика, фэнтези, боевик, приключения;Скотт Дерриксон
Месть от кутюр;2015;7.3;Австралия;драма, комедия;Джослин Мурхаус
Моана;2016;7.7;США;мультфильм, мюзикл, фэнтези, комедия, приключения, семейный;Рон Клементс, Джон Маскер, Дон Холл
Джек Ричер;2012;7.2;США;боевик, триллер, детектив, криминал;Кристофер МакКуорри
Алиса в Стране чудес;2010;7.1;США, Великобритания;фэнтези, детектив, приключения, семейный;Тим Бёртон
Манк;2020;7.1;США;биография, драма;Дэвид Финчер
Охотники за разумом;2004;7.5;США, Великобритания, Нидерланды, Финляндия;ужасы, триллер, криминал;Ренни Харлин
Звёздные войны: Эпизод 4 — Новая надежда;1977;8.1;США, Великобритания;фантастика, боевик, фэнтези, приключения;Джордж Лукас
Безумное кино для взрослых;2021;6.0;Румыния, Люксембург, Чехия, Хорватия, Швейцария, Великобритания;драма, комедия;Раду Жуде
Король Англии;2019;7.1;Великобритания, Венгрия, США, Австралия;биография, драма, военный, история;Дэвид Мишо
CODA: Ребенок глухих родителей;2020;8.0;Франция, Канада, США;драма, комедия, музыка;Шан Хейдер
Армия мертвецов;2021;5.9;США;ужасы, драма, боевик;Зак Снайдер
Золушка и тайна волшебного камня;2021;7.2;США;мультфильм;Элис Блехарт
Бёрдмэн;2014;7.6;США;драма, комедия;Алехандро Гонсалес Иньярриту
Зверопой 2;2021;8.0;США, Япония;мультфильм, мюзикл, комедия, приключения, семейный;Гарт Дженнингс
Рыцари справедливости;2020;7.4;Дания, Швеция, Финляндия;драма, комедия, боевик, криминал;Андерс Томас Йенсен
Люди Икс: Начало. Росомаха;2009;7.4;США, Великобритания;фантастика, боевик;Гэвин Худ
Голодные игры;2012;7.3;США;фантастика, боевик, триллер, приключения;Гэри Росс
Шрэк 2;2004;7.7;США;мультфильм, фэнтези, мелодрама, комедия, приключения, семейный;Эндрю Адамсон, Келли Эсбёри, Конрад Вернон
Пролетая над гнездом кукушки;1975;8.5;США;драма;Милош Форман
Дождливый день в Нью-Йорке;2019;7.2;США;мелодрама, комедия;Вуди Аллен
Особое мнение;2002;7.7;США;фантастика, боевик, триллер, криминал, детектив;Стивен Спилберг
Гарри Поттер 20 лет спустя: Возвращение в Хогвартс;2022;8.1;Великобритания, США;документальный, семейный;Кэйси Паттерсон, Джо Перлман, Эрен Криви
С широко закрытыми глазами;1999;7.5;США, Великобритания;триллер, драма, детектив;Стэнли Кубрик
Гарри Поттер и Дары Смерти: Часть I;2010;7.9;Великобритания, США;фэнтези, приключения;Дэвид Йейтс
Поезд в Пусан;2016;7.1;Корея Южная;ужасы, боевик;Ён Сан-хо
Кто-нибудь видел мою девчонку?;2020;6.6;Россия;драма;Ангелина Никонова
Трансфигурация;2016;5.6;США;ужасы, драма;Майкл О’Ши
Король Артур;2004;7.1;США, Великобритания, Ирландия;боевик, драма, приключения, военный, история;Антуан Фукуа
Кровавый алмаз;2006;7.8;США, Германия;триллер, драма, приключения;Эдвард Цвик
Маска;1994;8.0;США;комедия, фэнтези, криминал;Чак Рассел
Последний богатырь: Посланник Тьмы;2021;6.6;Россия;приключения, комедия, фэнтези;Дмитрий Дьяченко
Четыре комнаты;1995;7.7;США;комедия;Эллисон Андерс, Александр Рокуэлл, Роберт Родригес
Между небом и землей;2005;7.6;США;фэнтези, драма, мелодрама, комедия;Марк Уотерс
Волшебный дракон;2021;7.5;Китай, США, Гонконг;мультфильм, фэнтези, мелодрама, комедия, приключения, семейный;Крис Аппельханс
мама!;2017;7.1;США;ужасы, драма, триллер;Даррен Аронофски
Назад в будущее;1985;8.6;США;фантастика, комедия, приключения;Роберт Земекис
Под покровом ночи;2016;7.3;США;триллер, драма;Том Форд
Властелин колец: Возвращение короля;2003;8.6;Новая Зеландия, США;фэнтези, приключения, драма;Питер Джексон
Агенты А.Н.К.Л.;2015;7.5;США, Великобритания;боевик, комедия, приключения;Гай Ричи
Куда приводят мечты;1998;7.9;США, Новая Зеландия;фэнтези, драма, мелодрама;Винсент Уорд
Геошторм;2017;5.8;США;фантастика, боевик, триллер;Дин Девлин
Опасная игра Слоун;2016;7.7;США, Франция;драма, криминал;Джон Мэдден
Обитель зла: Раккун-Сити;2021;5.4;Канада, Германия;ужасы, боевик, фантастика;Йоханнес Робертс
Наркокурьер;2018;7.2;США, Канада;триллер, драма, криминал;Клинт Иствуд
Армагеддон;1998;7.8;США;фантастика, приключения, боевик, триллер;Майкл Бэй
Гонка;2013;8.1;Великобритания, Германия, США;спорт, драма, биография;Рон Ховард
Бэтмен против Супермена: На заре справедливости;2016;6.8;США;фантастика, боевик, фэнтези, приключения;Зак Снайдер
Новый Человек-паук;2012;6.9;США;фантастика, боевик, приключения;Марк Уэбб
Форсаж 9;2021;5.6;США;боевик, криминал, приключения;Джастин Лин
Карты, деньги, два ствола;1998;8.6;Великобритания;боевик, комедия, криминал;Гай Ричи
Меч короля Артура;2017;7.2;Великобритания, США, Австралия;фэнтези, боевик, драма, приключения;Гай Ричи
Отступники;2006;8.5;США, Гонконг;триллер, драма, криминал;Мартин Скорсезе
Злое;2021;6.3;США;ужасы, детектив;Джеймс Ван
Песнь моря;2014;8.1;Ирландия, Дания, Бельгия, Франция;мультфильм, фэнтези, драма, приключения, семейный;Томм Мур
Отель «Гранд Будапешт»;2014;7.9;США, Германия;комедия, приключения, детектив, криминал;Уэс Андерсон
Другие;2001;7.9;Испания, США, Франция, Италия;ужасы, триллер, детектив;Алехандро Аменабар
Хинтерленд: город грехов;2021;6.3;Австрия, Люксембург;детектив, триллер, драма;Штефан Рузовицки
Казино;1995;8.1;США, Франция;драма, криминал;Мартин Скорсезе
Сайлент Хилл;2006;7.2;Канада, Франция, Япония, США;ужасы, детектив;Кристоф Ганс
Эквилибриум;2002;7.9;США;фантастика, боевик, триллер, драма;Курт Уиммер
Орел и решка. Кино;2022;4.7;Россия;комедия, приключения;Вазген Каграманян
Битва за Севастополь;2015;7.6;Россия, Украина;военный, биография, драма, история, боевик;Сергей Мокрицкий
Время;2011;7.3;США;фантастика, мелодрама, боевик;Эндрю Никкол
Фантастические твари: Преступления Грин-де-Вальда;2018;6.7;Великобритания, США;фэнтези, приключения, семейный;Дэвид Йейтс
Жизнь других;2006;8.1;Германия, Франция;триллер, драма, детектив;Флориан Хенкель фон Доннерсмарк
Код 8;2019;6.2;Канада;фантастика, боевик, криминал;Джефф Чан
Поменяться местами;1983;7.7;США;комедия;Джон Лэндис
Виноваты звезды;2014;7.8;США;драма, мелодрама;Джош Бун
Малхолланд Драйв;2001;7.7;США, Франция;триллер, драма, детектив;Дэвид Линч
Ветер крепчает;2013;7.9;Япония;аниме, мультфильм, драма, биография, история;Хаяо Миядзаки
В погоне за счастьем;2006;8.3;США;драма, биография;Габриэле Муччино
Ледяной драйв;2021;6.9;США, Канада;боевик, триллер;Джонатан Хенсли
Я краснею;2022;7.1;США;мультфильм, фэнтези, комедия, приключения, семейный;Доми Ши
Изобретение лжи;2009;6.7;США;фэнтези, драма, мелодрама, комедия;Рики Джервэйс, Мэттью Робинсон
Враг;2013;6.6;Канада, Испания;триллер, драма, детектив;Дени Вильнёв
Кто твоя бабушка, чувак?;2019;5.7;Франция, Бельгия;комедия;Габриэль Жюльен-Лаферье
Игра;1997;8.3;США;триллер, драма, детектив, приключения;Дэвид Финчер
Игра на понижение;2015;7.3;США;драма, комедия, биография, история;Адам МакКей
Семь жизней;2008;8.2;США;драма, мелодрама;Габриэле Муччино
Жмурки;2005;7.2;Россия;триллер, комедия, криминал;Алексей Балабанов
Кролецып и Хомяк Тьмы;2022;6.8;Бельгия, Франция;мультфильм, мелодрама, комедия, приключения, семейный;Бен Стассен, Бенжамен Муске
Зверопой;2016;7.3;Франция, Япония, США;мультфильм, мюзикл, комедия, семейный;Гарт Дженнингс, Кристоф Лурделе
Кроваво-красное небо;2021;6.2;Германия, США;ужасы, триллер, боевик;Петер Торварт
Свежатинка;2022;6.5;США;триллер, комедия, ужасы;Мими Кейв
Невероятная жизнь Уолтера Митти;2013;7.7;США, Великобритания;комедия, приключения, фэнтези, драма, мелодрама;Бен Стиллер
Ветреная река;2016;7.5;Великобритания, Канада, США;детектив, криминал, триллер;Тейлор Шеридан
Кунг-фу Панда;2008;7.8;США, Китай;мультфильм, фэнтези, боевик, драма, комедия, приключения, семейный;Марк Осборн, Джон Стивенсон
Правила съема: Метод Хитча;2005;7.8;США;мелодрама, комедия;Энди Теннант
Социальная сеть;2010;7.7;США;драма, биография;Дэвид Финчер
После. Глава 3;2021;5.3;США, Болгария;драма, мелодрама;Кастиль Лэндон
Достучаться до небес;1997;8.6;Германия;драма, комедия, криминал;Томас Ян
Гарри Поттер и узник Азкабана;2004;8.2;Великобритания, США;фэнтези, приключения, семейный;Альфонсо Куарон
Машинист;2003;7.6;Испания, Франция, Великобритания, США;триллер, драма;Брэд Андерсон
Человек-паук 3: Враг в отражении;2007;7.1;США;фантастика, боевик, приключения;Сэм Рэйми
Она;2013;7.6;США;мелодрама, фантастика, драма;Спайк Джонс
Расплата;2016;7.4;США;боевик, триллер, драма, криминал;Гэвин О’Коннор
Кот в сапогах 2: Последнее желание;2022;7.2;США;мультфильм, комедия, приключения;Джоэль Кроуфорд, Хануэль Меркадо
Грейхаунд;2020;7.0;США, Китай, Канада;военный, боевик, история;Аарон Шнайдер
Человек с Земли;2007;7.8;США;фантастика, драма;Ричард Шенкман
Человек-паук: Вдали от дома;2019;7.3;США;фантастика, боевик, приключения;Джон Уоттс
Энканто;2021;7.5;США;мультфильм, мюзикл, фэнтези, комедия, семейный;Джаред Буш, Байрон Ховард, Чариз Кастро Смит
Шкаф;2020;5.8;Корея Южная;ужасы;Ким Гван-бин
Из моего окна;2022;6.1;Испания;драма, мелодрама, комедия;Марсаль Форес
Человек-паук 2;2004;7.3;США;фантастика, боевик, приключения;Сэм Рэйми
Каникулы;2015;6.5;США;комедия, приключения;Джон Фрэнсис Дейли, Джонатан М. Голдштейн
Ловушка времени;2017;6.7;США;фантастика, боевик, детектив, приключения;Марк Деннис, Бен Фостер
Гарри Поттер и Кубок огня;2005;7.9;Великобритания, США;фэнтези, приключения, семейный;Майк Ньюэлл
Великий уравнитель;2014;7.0;США;боевик, триллер, криминал;Антуан Фукуа
Гарри Поттер и философский камень;2001;8.2;Великобритания, США;фэнтези, приключения, семейный;Крис Коламбус
Судья;2014;7.9;США;драма;Дэвид Добкин
Сияние;1980;7.8;США, Великобритания;триллер, драма, ужасы, детектив;Стэнли Кубрик
Головоломка;2015;8.0;США;мультфильм, семейный, комедия;Пит Доктер, Роналдо Дель Кармен
Пятый элемент;1997;8.1;Франция, Великобритания, США;фантастика, боевик, комедия, мелодрама;Люк Бессон
Час истины;2020;6.5;США;триллер, криминал, детектив;Питер Фачинелли
Бегущий по лезвию 2049;2017;7.7;США, Великобритания, Канада, Венгрия, Испания, Мексика;фантастика, боевик, триллер, драма, детектив;Дени Вильнёв
Осада;2021;4.3;Канада, США;боевик, триллер;Эдвард Дрэйк
Тайная одержимость;2019;5.3;США;триллер;Питер Салливан
Фантастические твари: Тайны Дамблдора;2022;6.2;Великобритания, США;фэнтези, приключения, семейный;Дэвид Йейтс
Лучшее предложение;2012;8.0;Италия;триллер, драма, криминал;Джузеппе Торнаторе
Поезд в Пусан 2: Полуостров;2020;5.5;Корея Южная;ужасы, боевик;Ён Сан-хо
Пробуждение;1990;8.4;США;драма, биография;Пенни Маршалл
Не оглядывайся;2009;6.4;Франция, Италия, Люксембург, Бельгия;триллер, драма;Марина де Ван
Вики Кристина Барселона;2008;7.2;Испания, США;драма, мелодрама, комедия;Вуди Аллен
Джокер;2019;8.0;США, Канада;драма, криминал, триллер;Тодд Филлипс
Вивариум;2019;6.1;Ирландия, Бельгия, Дания;фантастика, драма;Лоркан Финнеган
Флирт с дьяволом;2021;5.2;США, Германия, Швейцария;триллер;Луис Прието
Прислуга;2011;8.2;США;драма;Тейт Тейлор
Гнев человеческий;2021;7.6;Великобритания, США;боевик, триллер;Гай Ричи
Зеленая миля;1999;9.1;США;драма, криминал;Фрэнк Дарабонт
Финч;2021;7.2;США;фантастика, драма;Мигель Сапочник
Эта дурацкая любовь;2011;7.6;США;мелодрама, комедия;Гленн Фикарра, Джон Рекуа
Муви 43;2013;5.0;США;комедия;Стивен Брилл, Питер Фаррелли, Элизабет Бэнкс
Убойные каникулы;2010;7.6;Канада;ужасы, комедия;Илай Крэйг
Анчартед: На картах не значится;2022;7.0;США, Испания;боевик, приключения;Рубен Фляйшер
Семь психопатов;2012;7.3;Великобритания, США;комедия, криминал;Мартин МакДона
Экипаж;2016;7.6;Россия;драма, триллер, приключения;Николай Лебедев
Мортал Комбат;2021;6.2;США;боевик, фэнтези, фантастика;Саймон Маккуойд
Родители строгого режима;2022;7.2;Россия;комедия;Никита Владимиров
Банкир;2019;7.2;США;биография, драма;Джордж Нолфи
Маяк;2019;7.1;Канада, США, Бразилия;ужасы, фэнтези, драма;Роберт Эггерс
Вселенная Стивена Хокинга;2014;7.9;Великобритания, Япония;биография, мелодрама, драма;Джеймс Марш
Плохие парни;1995;7.7;США;боевик, комедия, триллер, криминал;Майкл Бэй
Ампир V;2022;7.2;Россия;фэнтези, драма;Виктор Гинзбург
Центурион;2009;6.6;Великобритания, Франция, США;боевик, триллер, драма, приключения, военный, история;Нил Маршалл
Дом Gucci;2021;7.1;США, Канада;биография, драма, криминал, триллер;Ридли Скотт
Престиж;2006;8.5;Великобритания, США;триллер, фантастика, драма, детектив;Кристофер Нолан
Дэдпул 2;2018;7.4;США, Канада;фантастика, боевик, комедия, приключения;Дэвид Литч
Простая просьба;2018;6.8;США, Канада;триллер, комедия, криминал, детектив;Пол Фиг
Рок-н-рольщик;2008;7.8;Великобритания, США;криминал, боевик, триллер;Гай Ричи
Доктор Свисток;2022;1.5;Россия;комедия;Ара Оганесян
Пылающее море;2021;6.7;Норвегия;боевик, триллер;Йон Андреас Андерсен
Те, кто желает мне смерти;2021;5.9;Канада, США;боевик, триллер, драма, криминал;Тейлор Шеридан
Не смотрите наверх;2021;7.5;США;драма, фантастика, комедия;Адам МакКей
Идиократия;2005;6.6;США;фантастика, комедия, приключения;Майк Джадж
Останься;2005;7.2;США;триллер, драма, детектив;Марк Форстер
Гордость и предубеждение;2005;8.0;Великобритания, Франция, США;драма, мелодрама;Джо Райт
Однажды в Америке;1983;8.3;Италия, США;драма, криминал;Серджио Леоне
Игра теней;2022;5.2;Китай, Австралия, США;боевик, триллер;Марк Уильямс
Чемпион мира;2021;6.9;Россия;драма;Алексей Сидоров
Основной инстинкт;1992;7.7;США, Франция;триллер, драма, детектив;Пол Верховен
Стекло;2019;6.5;США, Китай;фантастика, триллер, драма;М. Найт Шьямалан
Крестный отец;1972;8.7;США;драма, криминал;Фрэнсис Форд Коппола
Пираты Карибского моря: На странных берегах;2011;7.3;США, Великобритания;приключения, боевик, фэнтези, комедия;Роб Маршалл
Такси;1998;7.9;Франция;боевик, комедия, криминал;Жерар Пирес
Лес;2018;6.5;Россия;драма;Роман Жигалов
Чернобыль: Зона отчуждения. Финал;2019;5.9;Россия;триллер, фантастика;Дмитрий Киселёв
Звёздный разум;2022;4.7;Россия;фантастика, триллер;
Телохранитель жены киллера;2020;6.1;Великобритания, США;боевик, комедия;Патрик Хьюз
Король Ричард;2021;7.6;США;биография, спорт, драма;Рейнальдо Маркус Грин
Охотник на монстров;2020;5.8;США, Китай, Германия, Япония;фэнтези, боевик, приключения;Пол У. С. Андерсон
Двадцать одно;2008;7.7;США;триллер, драма, криминал, история;Роберт Лукетич
Неуязвимый;2000;7.1;США;фантастика, триллер, драма, детектив;М. Найт Шьямалан
До встречи с тобой;2016;7.2;Великобритания, США;драма, мелодрама;Теа Шэррок
Сказки на ночь;2008;6.9;США;фантастика, фэнтези, мелодрама, комедия, приключения, семейный;Адам Шенкман
Укрась прощальное утро цветами обещания;2018;7.9;Япония;аниме, мультфильм, драма, мелодрама, приключения, фэнтези;Мари Окада
Пиджак;2004;7.8;США, Германия;триллер, фантастика, детектив, драма;Джон Мэйбери
Тик-так... БУМ!;2021;7.9;США;мюзикл, драма, биография;Лин-Мануэль Миранда
X;2022;7.2;США;ужасы;Тай Уэст
Родные;2021;6.4;Россия;комедия, драма;Илья Аксенов
Москва слезам не верит;1979;8.4;СССР;мелодрама, драма, комедия;Владимир Меньшов
Звёздные войны: Эпизод 1 — Скрытая угроза;1999;7.9;США;фантастика, фэнтези, боевик, приключения;Джордж Лукас
Искушение;2020;6.5;Франция, Бельгия, Нидерланды;биография, драма, мелодрама, история;Пол Верховен
Ярость;2014;7.4;США, Китай, Великобритания;боевик, драма, военный;Дэвид Эйр
Как приручить дракона;2010;8.2;США;мультфильм, фэнтези, комедия, приключения, семейный;Дин ДеБлуа, Крис Сандерс
Солнцепек;2021;7.2;Россия;драма;Максим Бриус, Михаил Вассербаум
Про уродов и людей;1998;7.1;Россия;драма, комедия, история;Алексей Балабанов
Апокалипсис сегодня;1979;8.1;США;военный, драма, история, боевик;Фрэнсис Форд Коппола
Синистер;2012;6.6;США, Великобритания, Канада;ужасы, триллер, детектив;Скотт Дерриксон
Тихая ночь;2020;6.0;Великобритания;драма, комедия, фантастика;Камилль Гриффин
Вверх;2009;8.0;США;мультфильм, драма, комедия, приключения, семейный;Пит Доктер, Боб Питерсон
Привидение;1990;8.2;США;мелодрама, фэнтези, триллер, драма;Джерри Цукер
Черный ящик;2021;7.6;Франция;триллер, драма, детектив;Ян Гозлан
Дракула;2014;6.6;США, Великобритания, Ирландия;ужасы, фэнтези, боевик, драма;Гари Шор
Карта совершенных мгновений;2021;6.7;США;мелодрама, комедия, фэнтези;Йен Сэмюэлс
Человек, который изменил всё;2011;7.7;США;биография, спорт, драма;Беннетт Миллер
Счастливое число Слевина;2005;8.1;США, Канада, Великобритания, Германия;триллер, драма, криминал;Пол Макгиган
Человек дождя;1988;8.2;США;драма;Барри Левинсон
Эйфель;2021;7.1;Франция, Бельгия, Германия;драма, мелодрама, биография, история;Мартин Бурбулон
Скорая;2022;6.6;США;боевик, триллер, драма, криминал;Майкл Бэй
В западне;2021;5.7;США;триллер;С.К. Дэйл
Звук металла;2019;7.3;США, Бельгия;драма, музыка;Дариус Мардер
Полночь в Париже;2011;7.7;США, Испания;фэнтези, мелодрама, комедия;Вуди Аллен
127 часов;2010;7.7;Великобритания, США, Франция;триллер, биография, драма, приключения;Дэнни Бойл
Трасса 60;2001;8.0;Канада, США;фантастика, фэнтези, драма, комедия, детектив, приключения;Боб Гейл
Джиа (ТВ;1998;7.9;США;драма, мелодрама, биография;Майкл Кристофер
Комната;2015;7.7;Канада, Ирландия, Великобритания, США;триллер, драма;Леонард Абрахамсон
Первому игроку приготовиться;2018;7.4;США, Индия;фантастика, боевик, приключения;Стивен Спилберг
Братья;2009;7.4;США;боевик, триллер, драма, военный;Джим Шеридан
Капитан Марвел;2019;6.5;США, Австралия;фантастика, боевик, приключения;Анна Боден, Райан Флек
Сад изящных слов;2013;7.8;Япония;аниме, мультфильм, мелодрама;Макото Синкай
Спасти рядового Райана;1998;8.2;США;военный, драма;Стивен Спилберг
Дорога домой;2021;6.8;Австралия, США;мультфильм, комедия, приключения, семейный;Гарри Криппс, Клэр Найт
Искупление;2007;8.0;Великобритания, Франция, США;драма, мелодрама, детектив, военный;Джо Райт
Девушка, подающая надежды;2020;6.8;Великобритания, США;триллер, драма, криминал;Эмиральд Феннел
Утомленные солнцем;1994;7.7;Россия, Франция;драма, военный, история;Никита Михалков
Худший человек на свете;2021;7.5;Норвегия, Франция, Швеция, Дания;драма, мелодрама, комедия;Йоаким Триер
Дорога;2009;7.2;США;драма, приключения;Джон Хиллкоут
Мадагаскар;2005;7.9;США;мультфильм, комедия, приключения, семейный;Эрик Дарнелл, Том МакГрат
Свингеры;2021;6.3;Россия, Латвия;комедия, мелодрама;Андрейс Экис , Дмитрий Фикс
Рука Бога;2021;7.6;Италия, США;драма;Паоло Соррентино
Пикник у Висячей скалы;1975;7.5;Австралия;драма, детектив;Питер Уир
Потеряшки и тайна волшебной пирамиды;2020;7.2;Италия;мультфильм, комедия, приключения;Франческо Дафано, Лука Делла Гротта
Фантастическая четверка;2015;4.3;США, Германия, Великобритания;фантастика, боевик, приключения;Джош Транк, Стивен Е. Ривкин
Фокус;2014;7.1;США, Аргентина;драма, мелодрама, комедия, криминал;Гленн Фикарра, Джон Рекуа
Власть пса;2021;6.6;Великобритания, Канада, Австралия, Новая Зеландия, США;драма, вестерн;Джейн Кэмпион
Суд над чикагской семеркой;2020;7.6;США, Великобритания, Индия;триллер, биография, драма, история;Аарон Соркин
Таинственная река;2003;7.8;США, Австралия;триллер, драма, криминал, детектив;Клинт Иствуд
Этот дом;2022;7.3;Великобритания, США;мультфильм, драма, комедия, фэнтези;Палома Баэза, Эмма де Свааф, Ники Линдрот фон Бар
Принцесса Мононоке;1997;8.2;Япония;аниме, мультфильм, фэнтези, драма, приключения;Хаяо Миядзаки
Побег;2021;7.1;Дания, Франция, Норвегия, Швеция, Нидерланды, Великобритания, США, Финляндия, Италия, Испания, Эстония, Словения;мультфильм, документальный, драма, биография;Йонас Поэр Расмуссен
Капернаум;2018;8.1;Ливан, Франция, Кипр, Катар, Великобритания;драма;Надин Лабаки
5 сантиметров в секунду;2007;7.9;Япония;аниме, мультфильм, драма, мелодрама;Макото Синкай
Американский психопат;2000;7.1;США, Канада;драма, криминал, триллер;Мэри Хэррон
10 причин моей ненависти;1999;7.8;США;драма, мелодрама, комедия;Джил Джангер
Левиафан;2014;6.9;Россия;драма, криминал;Андрей Звягинцев
Дэдпул;2016;7.5;США;фантастика, боевик, комедия, приключения;Тим Миллер
Галопом по Европе;2021;5.6;Испания;комедия;Фернандо Гарсиа-Руис Рубио
Звёздные войны: Пробуждение силы;2015;7.1;США;фантастика, боевик, приключения;Джей Джей Абрамс
Взаперти;2020;6.8;США, Канада;триллер, драма, детектив;Аниш Чаганти
Лицо со шрамом;1983;8.2;США;драма, криминал;Брайан Де Пальма
Выжить;1992;7.7;США, Канада;триллер, драма, приключения, история;Фрэнк Маршалл
Мстители: Война бесконечности;2018;8.0;США;фантастика, боевик, приключения;Энтони Руссо, Джо Руссо
Стажёр;2015;7.6;США;мелодрама, комедия;Нэнси Майерс
Американская история X;1998;8.3;США;драма;Тони Кэй
Птичий короб;2018;6.8;США;ужасы, фантастика;Сюзанна Бир
Ведьмина служба доставки;1989;8.1;Япония;аниме, мультфильм, фэнтези, комедия, приключения, семейный;Хаяо Миядзаки
Пленницы;2013;7.8;США;триллер, драма, криминал, детектив;Дени Вильнёв
Петровы в гриппе;2020;6.9;Россия, Франция, Швейцария, Германия;драма, фантастика;Кирилл Серебренников
Выстрел в пустоту;2015;7.5;США;триллер, драма, криминал;Рик Роман Во
Прошлой ночью в Сохо;2021;6.7;Великобритания;драма, триллер, ужасы;Эдгар Райт
Лабиринт Фавна;2006;7.6;Мексика, Испания;фэнтези, драма, военный;Гильермо дель Торо
Обитель проклятых;2014;7.2;США;триллер, драма;Брэд Андерсон
Служанка;2016;7.6;Корея Южная;мелодрама, триллер, драма, история;Пак Чхан-ук
Поиск;2018;7.5;США, Россия;детектив, триллер, драма;Аниш Чаганти
Мариуполис;2016;7.2;Литва, Германия, Франция, Украина;документальный;Мантас Кведаравичюс
Изгой;2000;8.3;США;драма, мелодрама, приключения;Роберт Земекис
Дом, который построил Джек;2018;7.0;Дания, Франция, Швеция, Германия, Бельгия, Тунис;триллер, драма, криминал, ужасы;Ларс фон Триер
Форрест Гамп;1994;8.9;США;драма, комедия, мелодрама, история, военный;Роберт Земекис
Город призраков;2008;6.8;США;фэнтези, драма, мелодрама, комедия;Дэвид Кепп
Идеальные незнакомцы;2015;7.6;Италия;драма, комедия;Паоло Дженовезе
Чего хотят мужчины;2019;6.2;США;фэнтези, мелодрама, комедия;Адам Шенкман
Майор Гром: Чумной Доктор. Расширенная версия;2021;7.5;Россия;боевик, криминал, детектив, комедия;Олег Трофим
Работа без авторства;2018;8.0;Германия, Италия;биография, драма, военный, мелодрама;Флориан Хенкель фон Доннерсмарк
Безумный Макс: Дорога ярости;2015;7.8;Австралия, ЮАР;боевик, фантастика, приключения;Джордж Миллер
Властелин колец: Две крепости;2002;8.6;Новая Зеландия, США;фэнтези, приключения, драма;Питер Джексон
Носители;2008;6.1;США;фантастика, триллер, драма, приключения;Давид Пастор, Алекс Пастор
Преступный квест;2021;3.9;США;триллер, боевик;Эдвард Дрэйк
Могила светлячков;1988;8.2;Япония;аниме, мультфильм, драма, военный;Исао Такахата
Мгла;2007;7.6;США;ужасы, триллер, фантастика;Фрэнк Дарабонт
От заката до рассвета;1995;7.8;США, Мексика;ужасы, боевик, фэнтези, триллер, комедия, криминал;Роберт Родригес
Автостопом по галактике;2005;7.1;Великобритания, США;фантастика, комедия, приключения;Гарт Дженнингс
Поступь хаоса;2021;6.5;США, Канада, Гонконг, Люксембург;фантастика, фэнтези, боевик, приключения;Даг Лайман
Первый мститель: Другая война;2014;7.3;США;фантастика, боевик, триллер, приключения;Энтони Руссо, Джо Руссо
Дурак;2014;8.1;Россия;драма;Юрий Быков
Красный призрак;2020;7.1;Россия;триллер, военный, история;Андрей Богатырев
Омерзительная восьмерка;2015;7.9;США;вестерн, криминал, триллер, драма, детектив;Квентин Тарантино
Зверополис;2016;8.3;США;мультфильм, комедия, криминал, детектив, приключения, семейный;Байрон Ховард, Рич Мур, Джаред Буш
Ford против Ferrari;2019;8.2;США;биография, спорт, драма, боевик;Джеймс Мэнголд
Дьяволик;2021;7.2;Италия;боевик, триллер, криминал, детектив;Антонио Манетти, Марко Манетти
Грязь;2013;7.6;Великобритания, Германия, Швеция, Бельгия, США;криминал, комедия, драма;Джон С. Бейрд
Реальная любовь;2003;7.9;Великобритания, Франция, США;мелодрама, комедия, драма;Ричард Кёртис
Большой баг;2022;5.8;Франция;комедия, фантастика;Жан-Пьер Жёне
Чернобыль;2020;4.9;Россия;драма, история;Данила Козловский
Ледниковый период: Приключения Бака;2022;4.9;США, Канада;мультфильм, комедия, приключения, семейный;Джон С. Донкин
Хороший год;2006;7.7;США, Великобритания;драма, мелодрама, комедия;Ридли Скотт
Стрингер;2013;7.4;США;триллер, драма, криминал;Дэн Гилрой
Волк и лев;2021;8.0;Франция, Канада;семейный;Жиль де Мэтр
Из машины;2014;7.1;Великобритания;фантастика, триллер, драма;Алекс Гарленд
Хэнкок;2008;7.4;США;фантастика, боевик, драма, комедия;Питер Берг
Красное уведомление;2021;6.5;США;боевик, комедия, криминал;Роусон Маршалл Тёрбер
Сумерки;2008;6.7;США;фэнтези, драма, мелодрама;Кэтрин Хардвик
Мавританец;2020;7.4;Великобритания, США;биография, драма, триллер;Кевин Макдональд
После прочтения сжечь;2008;6.9;США, Великобритания, Франция;драма, комедия, криминал, триллер;Итан Коэн, Джоэл Коэн
Бэтмен: Начало;2005;7.9;Великобритания, США;боевик, фантастика, приключения, драма;Кристофер Нолан
На игле;1995;7.9;Великобритания;драма, криминал;Дэнни Бойл
Гравитация;2013;7.5;США, Мексика, Великобритания;фантастика, боевик, триллер, драма;Альфонсо Куарон
Начало;2010;8.7;США, Великобритания;фантастика, боевик, триллер, драма, детектив;Кристофер Нолан
Король говорит!;2010;8.0;Великобритания, США;драма, биография, история;Том Хупер
«V» значит Вендетта;2006;7.8;Великобритания, Германия;фантастика, боевик, триллер, драма;Джеймс МакТиг
Аватар;2009;7.9;США, Великобритания;фантастика, боевик, драма, приключения;Джеймс Кэмерон
Сердце дракона;1996;7.7;США;фэнтези, боевик, приключения;Роб Коэн
Непрощённая;2021;7.3;Великобритания, Германия, США;драма, криминал;Нора Финшелдт
Проект «Адам»;2022;6.5;США;фантастика, боевик, комедия, приключения;Шон Леви
Храброе сердце;1995;8.3;США;история, биография, драма, военный;Мэл Гибсон
Хоббит: Нежданное путешествие;2012;8.1;Новая Зеландия, США;фэнтези, приключения, боевик;Питер Джексон
Твоё имя;2016;8.4;Япония;аниме, мультфильм, фэнтези, драма, мелодрама;Макото Синкай
Варяг;2022;7.2;США;фэнтези, боевик, триллер, драма, приключения, история;Роберт Эггерс
Философы: Урок выживания;2013;5.8;США, Индонезия;драма, фэнтези, история;Джон Хаддлс
Джон Уик;2014;6.9;США, Китай;боевик, триллер, криминал;Чад Стахелски, Дэвид Литч
Взвод;1986;8.0;США, Великобритания;военный, история, драма;Оливер Стоун
Дикие истории;2014;7.7;Аргентина, Испания, Франция, Великобритания;триллер, драма, комедия;Дамиан Сифрон
Последнее пришествие дьявола;2021;5.2;Мексика, Венесуэла, США;ужасы, драма;Алехандро Идальго
Фантастическая четверка;2005;6.7;США, Германия;фантастика, фэнтези, боевик, приключения;Тим Стори
Последний самурай;2003;8.1;США, Новая Зеландия, Япония;боевик, драма;Эдвард Цвик
Лекарь: Ученик Авиценны;2013;7.7;Германия;приключения, история, драма;Филипп Штёльцль
Игра в имитацию;2014;7.6;Великобритания, США;триллер, драма, военный, биография;Мортен Тильдум
Сплит;2017;7.0;США, Япония;триллер, ужасы;М. Найт Шьямалан
Парни под прикрытием;2022;4.2;США, Пуэрто Рико;боевик, триллер;Марк Невелдайн
Иллюзия контроля;2021;6.6;Великобритания, Украина, Германия;триллер, драма;Владэк Занковски
Подмена;2008;7.9;США;триллер, драма, криминал, детектив, биография, история;Клинт Иствуд
Меняющие реальность;2011;7.4;США;фантастика, триллер, мелодрама;Джордж Нолфи
Невидимый гость;2016;7.8;Испания;триллер, драма, криминал, детектив;Ориол Паоло
Назови меня своим именем;2017;7.5;Италия, Франция, США, Бразилия;драма, мелодрама;Лука Гуаданьино
Война будущего;2021;6.3;США;фантастика, боевик;Крис МакКей
Семейка Аддамс: Горящий тур;2021;5.8;США, Канада;мультфильм, ужасы, фэнтези, комедия, приключения, семейный;Грег Тирнан, Конрад Вернон, Лаура Бруссо
Ван Хельсинг;2004;7.6;США, Чехия, Румыния;фэнтези, боевик, триллер, приключения;Стивен Соммерс
Джуманджи: Зов джунглей;2017;6.9;США, Индия, Канада, Великобритания, Австралия, Германия;фэнтези, боевик, комедия, приключения;Джейк Кэздан
Турист;2021;7.0;Россия;боевик;Андрей Батов
Луна 2112;2009;7.6;Великобритания, США;фантастика, драма, детектив;Дункан Джонс
Люди Икс: Первый класс;2011;7.7;США, Великобритания;фантастика, боевик, приключения;Мэттью Вон
Помни;2000;7.9;США;триллер, детектив, драма, криминал;Кристофер Нолан
Поймай меня, если сможешь;2002;8.5;США, Канада;криминал, биография, комедия;Стивен Спилберг
Трагедия Макбета;2021;7.1;США;драма, фэнтези;Джоэл Коэн
Славные парни;1990;8.1;США;драма, криминал, биография;Мартин Скорсезе
Невидимка;2000;6.9;США, Германия;ужасы, фантастика;Пол Верховен
Новые мутанты;2020;5.6;США;фантастика, боевик, детектив, ужасы;Джош Бун
Груз 200;2007;6.6;Россия;триллер, драма;Алексей Балабанов
ДМБ;2000;7.8;Россия;комедия;Роман Качанов
Полный расколбас;2016;5.9;США, Канада;мультфильм, фэнтези, комедия, приключения;Грег Тирнан, Конрад Вернон
Хочу съесть твою поджелудочную железу;2018;7.8;Япония;аниме, мультфильм, драма, мелодрама;Синъитиро Усидзима
2012;2009;6.9;США;фантастика, приключения, боевик;Роланд Эммерих
Коралина в Стране Кошмаров;2008;7.7;США;мультфильм, фэнтези, триллер, драма, семейный;Генри Селик
Сквозь снег;2013;6.8;Корея Южная, Чехия;фантастика, боевик, драма;Пон Джун-хо
Плутовство;1997;7.6;США;драма, комедия;Барри Левинсон
Однажды в пустыне;2022;6.6;Россия;военный;Андрей Кравчук
Глубокие воды;2022;5.6;США, Австралия;триллер, драма, детектив;Эдриан Лайн
Яйцо Фаберже;2021;5.6;Россия;комедия, приключения;Илья Фарфель
Маленькие женщины;2019;7.7;США;драма, мелодрама;Грета Гервиг
Код 355;2022;5.6;США, Китай;триллер, боевик;Саймон Кинберг
Охотники за привидениями;1984;8.0;США;фантастика, фэнтези, боевик, комедия;Айвен Райтман
8 подруг Оушена;2018;6.6;США;боевик, триллер, комедия, криминал;Гэри Росс
Скотт Пилигрим против всех;2010;7.2;США, Великобритания, Канада, Япония;фэнтези, боевик, мелодрама, комедия;Эдгар Райт
Знакомьтесь, Джо Блэк;1998;8.0;США;мелодрама, фэнтези, драма;Мартин Брест
Драйв;2011;7.3;США;криминал, драма, триллер, фильм-нуар;Николас Виндинг Рефн
Невозможное;2012;7.9;Испания, Таиланд, США;драма;Хуан Антонио Байона
Живая сталь;2011;7.6;США, Индия;фантастика, боевик, семейный;Шон Леви
Джуманджи: Новый уровень;2019;6.6;США;фэнтези, боевик, комедия, приключения;Джейк Кэздан
Аферистка;2020;6.6;США, Великобритания;триллер, комедия, криминал;Дж. Блэйксон
По наклонной;2020;6.9;США;драма, криминал;Энтони Руссо, Джо Руссо
Девятаев;2021;6.3;Россия;военный, биография, боевик, история, драма;Тимур Бекмамбетов, Сергей Трофимов
Пианино;1992;7.8;Австралия, Новая Зеландия, Франция;драма, мелодрама, музыка;Джейн Кэмпион
Взаперти;2022;5.3;США;триллер;Ди Джей Карузо
Законопослушный гражданин;2009;8.0;США;боевик, триллер, драма, криминал;Ф. Гэри Грей
Темный рыцарь;2008;8.5;США, Великобритания;фантастика, боевик, триллер, криминал, драма;Кристофер Нолан
Чёрный краб;2022;5.9;Швеция;фантастика, боевик, триллер, драма, приключения, военный;Адам Берг
12 лет рабства;2013;7.7;США, Великобритания;драма, биография, история;Стив МакКуин
Мотылёк;2017;7.5;США, Чехия, Испания;драма, криминал, приключения, биография;Михаэль Ноер
Шестое чувство;1999;8.2;США;детектив, фэнтези, фантастика, триллер, драма;М. Найт Шьямалан
Атака титанов. Фильм первый: Жестокий мир;2015;4.5;Япония;фантастика, драма, боевик;Синдзи Хигути
Гарри Хафт: Последний бой;2021;6.9;Канада, Венгрия, США;драма, биография;Барри Левинсон
Мстители: Финал;2019;7.7;США;фантастика, боевик, драма, приключения;Энтони Руссо, Джо Руссо
1917;2019;7.9;США, Великобритания, Индия, Испания, Канада, Китай;военный, боевик, драма, история;Сэм Мендес
Календарь дьявола;2020;5.8;Франция, Бельгия;ужасы;Патрик Ридремон
Остров фантазий;2020;5.6;США;триллер, фантастика;Джефф Уодлоу
Горбатая гора;2005;7.6;США, Канада;вестерн, мелодрама, драма;Энг Ли
Пятьдесят оттенков серого;2015;4.4;США;мелодрама;Сэм Тейлор-Джонсон
Области тьмы;2011;8.0;США, Мексика;триллер, драма, фантастика;Нил Бёргер
Большая игра;2017;7.6;США, Канада, Китай;биография, криминал, драма;Аарон Соркин
Парни со стволами;2016;6.9;США, Румыния;драма, комедия, криминал, военный, биография;Тодд Филлипс
Исчезнувшая;2014;8.0;США;триллер, драма, детектив;Дэвид Финчер
Трансформеры: Последний рыцарь;2017;5.6;США, Китай, Канада, Мексика;фантастика, боевик, приключения;Майкл Бэй
Астрал;2010;6.8;США;ужасы, триллер;Джеймс Ван
Невыносимая тяжесть огромного таланта;2022;7.2;США;боевик, комедия, криминал;Том Гормикэн
Треугольник;2009;6.8;Великобритания, Австралия;фантастика, триллер;Кристофер Смит
Проект X: Дорвались;2012;7.0;США;комедия;Нима Нуризаде
Славные парни;2016;7.2;США, Великобритания;криминал, комедия, боевик;Шейн Блэк
Последняя дуэль;2021;7.4;Великобритания, США;история, драма;Ридли Скотт
Зодиак;2007;7.3;США;триллер, детектив, драма, криминал;Дэвид Финчер
Человек на Луне;2018;7.1;США, Япония;драма, биография, история;Дэмьен Шазелл
Во всё тяжкое;2018;7.0;США;драма, комедия;Уэйн Робертс
Мажор. Фильм;2021;6.5;Россия;боевик, комедия;Максим Полинский, Николай Булыгин
Один день;2011;7.8;США, Великобритания;драма, мелодрама;Лоне Шерфиг
Первобытный страх;1996;7.8;США;триллер, драма, криминал, детектив;Грегори Хоблит
Выживший;2015;7.8;США, Гонконг, Тайвань;приключения, вестерн, боевик, драма, биография;Алехандро Гонсалес Иньярриту
Шан-Чи и легенда десяти колец;2021;7.3;США;фэнтези, боевик, комедия, приключения, фантастика;Дестин Дэниел Креттон
Вестсайдская история;2021;7.0;США;мюзикл, драма, мелодрама, криминал;Стивен Спилберг
Дневник памяти;2004;8.2;США;драма, мелодрама;Ник Кассаветис
Евротур;2004;7.6;США;комедия;Джефф Шаффер, Алек Берг, Дэвид Мэндел
Большой красный пес Клиффорд;2021;6.5;США, Канада;фэнтези, комедия, приключения, семейный;Уолт Бекер
Красные огни;2011;6.9;Испания, Канада;фэнтези, драма, детектив;Родриго Кортес
Тело;2012;7.3;Испания;триллер, детектив, криминал;Ориол Паоло
Леон;1994;8.7;Франция, США;боевик, триллер, драма, криминал;Люк Бессон
Легенда о Зелёном Рыцаре;2020;6.2;Ирландия, Канада, США, Великобритания;фэнтези, приключения, драма;Дэвид Лоури
Юморист;2018;6.6;Россия, Латвия, Чехия;драма, биография;Михаил Идов
Зов предков;2020;7.5;США, Канада;драма, приключения, семейный;Крис Сандерс
Список Шиндлера;1993;8.8;США;драма, биография, история, военный;Стивен Спилберг
БУМЕРанг;2021;5.7;Россия;комедия, криминал;Пётр Буслов
Таксист;1976;7.8;США;триллер, драма, криминал;Мартин Скорсезе
Лобстер;2015;7.0;Ирландия, Великобритания, Греция, Франция, Нидерланды, США;фантастика, триллер, драма, мелодрама, комедия;Йоргос Лантимос
Том и Джерри;2021;6.8;США, Великобритания, Франция, Германия;комедия, приключения, семейный;Тим Стори
Аритмия;2017;7.7;Россия;мелодрама, драма;Борис Хлебников
Форма воды;2017;6.9;США, Мексика;фантастика, драма;Гильермо дель Торо
Лига справедливости Зака Снайдера;2021;7.9;США;фантастика, боевик, фэнтези;Зак Снайдер
Лекарство от здоровья;2017;6.4;США, Германия;триллер, фантастика, ужасы, драма, фэнтези, детектив;Гор Вербински
Непосредственно Каха!;2020;4.3;Россия;комедия;Виктор Шамиров
Kingsman: Золотое кольцо;2017;6.9;Великобритания, США;боевик, триллер, комедия, криминал, приключения;Мэттью Вон
Секс по дружбе;2011;7.1;США;мелодрама, комедия, драма;Уилл Глак
Паранормальное явление: Ближайший родич;2021;5.3;США;ужасы;Уильям Юбэнк
Небо;2021;7.2;Россия;военный, драма, боевик, биография;Игорь Копылов
Скрытые фигуры;2016;7.8;США;драма, биография, история;Тед Мелфи
Внезапная удача;2022;5.8;США;триллер, драма, криминал;Чарли Макдауэлл
Морбиус;2022;5.3;США;ужасы, фантастика, боевик, фэнтези;Даниэль Эспиноса
Впритык;2010;7.2;США;комедия;Тодд Филлипс
Добро пожаловать в Zомбилэнд;2009;7.4;США;ужасы, комедия, боевик;Рубен Фляйшер
Исходный код;2011;7.8;США, Канада, Франция, Германия;фантастика, боевик, триллер, драма;Дункан Джонс
Монстры на каникулах: Трансформания;2022;6.3;США;мультфильм, фэнтези, комедия, приключения, семейный;Дерек Драймон, Дженнифер Клуска
Амели;2001;8.0;Франция, Германия;мелодрама, комедия;Жан-Пьер Жёне
Лолита;1997;7.6;Франция, США;драма, мелодрама;Эдриан Лайн
Гадкий я;2010;7.8;США, Франция, Япония;мультфильм, фантастика, комедия, криминал, приключения, семейный;Пьер Коффан, Крис Рено
Хижина в лесу;2011;6.7;США;ужасы, комедия, фэнтези;Дрю Годдард
Клаустрофобы 2: Лига выживших;2021;6.0;США, ЮАР;ужасы, боевик;Адам Робител
Три билборда на границе Эббинга, Миссури;2017;8.1;Великобритания, США;драма, криминал;Мартин МакДона
Малыш на драйве;2017;7.2;Великобритания, США;боевик, триллер, драма, криминал, музыка;Эдгар Райт
О чём говорят мужчины;2010;7.8;Россия;комедия;Дмитрий Дьяченко
Дело храбрых;2017;8.0;США;боевик, драма, биография;Джозеф Косински
Фантастические твари и где они обитают;2016;7.6;Великобритания, США;фэнтези, приключения, семейный;Дэвид Йейтс
Топ Ган: Мэверик;2022;7.2;Китай, США;боевик, драма;Джозеф Косински
Борьба со льдом;2022;6.6;Исландия, Дания;биография, драма, история;Петер Флинт
Железный человек 2;2010;7.5;США;фантастика, боевик, приключения;Джон Фавро
Великая стена;2016;6.1;США, Китай, Гонконг, Австралия, Канада;фэнтези, боевик, триллер, приключения;Чжан Имоу
Поездка в Америку 2;2021;5.2;США;комедия;Крэйг Брюэр
Кошачьи миры Луиса Уэйна;2021;7.4;Великобритания;биография, история, драма;Уилл Шарп
1+1;2011;8.8;Франция;драма, комедия, биография;Оливье Накаш, Эрик Толедано
Остров проклятых;2009;8.5;США;триллер, детектив, драма;Мартин Скорсезе
На пятьдесят оттенков темнее;2017;5.2;США, Китай, Япония;драма, мелодрама;Джеймс Фоули
Залечь на дно в Брюгге;2007;7.8;Великобритания, США;комедия, криминал, триллер, драма;Мартин МакДона
Бегущий по лезвию;1982;7.7;США;фантастика, триллер, драма, мелодрама;Ридли Скотт
2001 год: Космическая одиссея;1968;7.9;Великобритания, США;фантастика, приключения;Стэнли Кубрик
Оно 2;2019;6.5;США, Канада;ужасы, фэнтези, драма;Андрес Мускетти
Чужой;1979;8.1;Великобритания, США;ужасы, фантастика, триллер;Ридли Скотт
Гордость и предубеждение и зомби;2015;5.8;США, Великобритания;ужасы, фэнтези, боевик, мелодрама, комедия;Бёрр Стирс
Человек-паук;2002;7.6;США;фантастика, боевик, приключения;Сэм Рэйми
Железная хватка;2010;7.6;США;вестерн, драма, приключения;Итан Коэн, Джоэл Коэн
Тёмная башня;2017;5.7;США;фантастика, фэнтези, боевик, приключения, вестерн;Николай Арсель
Три богатыря и Конь на троне;2021;7.4;Россия;мультфильм, комедия, приключения;Дарина Шмидт, Константин Феоктистов
Джанго освобожденный;2012;8.2;США;вестерн, боевик, драма, комедия;Квентин Тарантино
Тело Дженнифер;2009;5.7;США, Канада;ужасы, комедия;Карин Кусама
Громкая связь;2018;6.8;Россия;комедия;Алексей Нужный
Тихое место 2;2020;6.6;США;ужасы, фантастика, драма;Джон Красински
Тренер Картер;2005;8.1;США, Германия;биография, спорт, драма;Томас Картер
Красавица и дракон;2021;7.3;Япония;аниме, мультфильм, фантастика, драма;Мамору Хосода
Предложение;2009;7.6;США;мелодрама, комедия, драма;Энн Флетчер
Пекло;2007;7.3;Великобритания, США;фантастика, триллер;Дэнни Бойл
Очень страшное кино;2000;7.0;США;комедия, ужасы;Кинен Айвори Уайанс
Ла-Ла Ленд;2016;7.9;США, Гонконг;мюзикл, драма, мелодрама, комедия, музыка;Дэмьен Шазелл
Одиннадцать молчаливых мужчин;2021;6.0;Россия;драма, спорт;Алексей Пиманов
RRR;2022;7.2;Индия;боевик, драма, история;С.С. Раджамули
Кловерфилд, 10;2016;6.9;США;триллер, драма, фантастика;Дэн Трахтенберг
Властелин колец: Братство Кольца;2001;8.6;Новая Зеландия, США;фэнтези, приключения, драма;Питер Джексон
Легион;2010;5.5;США;ужасы, фэнтези, боевик;Скотт Чарльз Стюарт
Донни Дарко;2001;7.6;США;фантастика, триллер, драма, детектив;Ричард Келли
Морфий;2008;7.1;Россия;драма;Алексей Балабанов
Связь;2012;7.0;США, Великобритания;фантастика, триллер, драма;Джеймс Уорд Биркит
Дневник баскетболиста;1995;7.8;США;драма, криминал, биография, спорт;Скотт Кэлверт
Бесславные ублюдки;2009;7.9;Германия, США;боевик, драма, комедия, военный;Квентин Тарантино
Иван Васильевич меняет профессию;1973;8.8;СССР;комедия, фантастика, приключения;Леонид Гайдай
Великий;2020;7.5;Великобритания, США, ОАЭ, Япония;драма, биография;Эндрю Левитас
Крепкий орешек;1988;8.0;США;боевик, триллер, криминал;Джон МакТирнан
12 обезьян;1995;7.8;США;фантастика, триллер, детектив;Терри Гиллиам
Того;2019;8.0;США;драма, приключения, семейный, биография, история;Эриксон Кор
Король Стейтен-Айленда;2020;7.2;США;драма, комедия;Джадд Апатоу
Миллион способов потерять голову;2014;6.2;США;комедия, вестерн;Сет МакФарлейн
Вечное сияние чистого разума;2004;8.0;США;мелодрама, фантастика, драма;Мишель Гондри
Камон Камон;2021;7.7;США;драма;Майк Миллс
Вторжение;2019;5.7;Россия;фантастика, боевик;Фёдор Бондарчук
Поездка;2021;6.7;Норвегия;триллер, комедия;Томми Виркола
Дорога перемен;2008;7.5;США, Великобритания;драма, мелодрама;Сэм Мендес
Шрэк;2001;8.1;США, Япония;мультфильм, фэнтези, комедия, приключения, семейный;Эндрю Адамсон, Вики Дженсон
Цельнометаллическая оболочка;1987;8.0;Великобритания, США;драма, военный;Стэнли Кубрик
Тёмное наследие;2020;6.0;США;триллер, драма, детектив;Вон Стайн
Соври мне правду;2021;4.9;Россия;триллер, драма;Ольга Акатьева
Дюна 2;2023;7.2;США, Канада;фантастика, боевик, драма, приключения;Дени Вильнёв
Tomb Raider: Лара Крофт;2018;6.2;Великобритания, США;фэнтези, боевик, триллер, приключения;Роар Утхауг
Вуайеристы;2021;6.3;США;триллер, драма, детектив;Майкл Мохан
Хоббит: Пустошь Смауга;2013;8.0;Новая Зеландия, США;фэнтези, приключения, боевик;Питер Джексон
Конёк-Горбунок;2021;6.8;Россия;фэнтези, комедия, приключения;Олег Погодин
Майор Гром: Чумной Доктор;2021;7.2;Россия;боевик, криминал, детектив, комедия;Олег Трофим
Заплати другому;2000;8.1;США;драма;Мими Ледер
Стеклоочиститель;2021;7.7;США, Испания;мультфильм, короткометражка, фэнтези, мелодрама;Альберто Мьельго
Побег из Претории;2020;6.7;Великобритания, Австралия, США, ЮАР, Германия;триллер;Фрэнсис Аннан
Всё везде и сразу;2022;8.3;США;фантастика, фэнтези, боевик, комедия, приключения;Дэн Кван, Дэниэл Шайнерт
Форма голоса;2016;8.2;Япония;аниме, мультфильм, драма, мелодрама;Наоко Ямада
Платформа;2019;7.1;Испания;фантастика, триллер, драма;Гальдер Гастелу-Уррутия
Kingsman: Секретная служба;2015;7.7;Великобритания, США;боевик, комедия, криминал, приключения;Мэттью Вон
Третий лишний;2012;6.7;США;комедия;Сет МакФарлейн
Холоп;2019;6.8;Россия;комедия;Клим Шипенко
Железный человек;2008;7.9;США, Канада;фантастика, боевик, приключения;Джон Фавро
Первый мститель;2011;6.7;США;фантастика, боевик, приключения, военный;Джо Джонстон
Сокровище нации;2004;7.7;США;боевик, триллер, детектив, приключения;Джон Тёртлтауб
Чёрный телефон;2021;7.2;США;ужасы;Скотт Дерриксон
Однажды в… Голливуде;2019;7.6;США, Великобритания, Китай;драма, комедия;Квентин Тарантино
Чарли и шоколадная фабрика;2005;7.6;США;мюзикл, фэнтези, комедия, приключения, семейный;Тим Бёртон
Круиз по джунглям;2021;6.8;США;приключения, комедия, фэнтези;Жауме Кольет-Серра
Чудо;2017;8.0;США, Гонконг, Канада;драма, семейный;Стивен Чбоски
ВАЛЛ·И;2008;8.3;США;мультфильм, фантастика, приключения, семейный;Эндрю Стэнтон
300 спартанцев;2007;7.6;США, Канада, Болгария, Австралия;боевик, драма;Зак Снайдер
Её заветное желание;2020;8.0;Япония;аниме, мультфильм, мелодрама, драма;Котаро Тамура
Одаренная;2017;7.8;США;драма;Марк Уэбб
Человек-паук: Через вселенные 2;2022;7.2;США;мультфильм, фантастика, фэнтези, боевик, комедия, приключения, семейный;Жоаким Душ Сантуш, Кемп Пауэрс, Джастин Томпсон
Петля времени;2012;7.0;США, Китай;фантастика, боевик, триллер, драма;Райан Джонсон
В диких условиях;2007;7.9;США;драма, приключения, биография;Шон Пенн
Как приручить дракона 3;2019;7.7;США, Япония;мультфильм, фэнтези, боевик, драма, мелодрама, комедия, приключения, семейный;Дин ДеБлуа
Стальной гигант;1999;8.1;США;мультфильм, фантастика, боевик, комедия, приключения, семейный;Брэд Бёрд
Я — начало;2014;7.6;США;фантастика, драма, мелодрама, детектив;Майк Кэхилл
Война миров;2005;7.1;США;фантастика, боевик, приключения;Стивен Спилберг
